-79;47;22;76;21;16
-83;86;-80;-64;48;47
80;-1;79;-7;11;44
-1;90;74;-7;85;67
88;58;89;-9;-66;94
-54;-62;75;-1;45;-31
88;40;-72;39;29;17
-45;-51;12;35;3;11
83;14;32;29;-32;-57
-45;-32;-69;-13;-32;81
-59;23;-20;-88;-71;97
-74;4;81;39;-99;21
99;92;-65;27;-66;-16
-76;-37;-81;-78;-20;-66
20;19;53;-18;-14;-50
-40;1;-19;100;48;51
-77;-23;-23;-63;55;81
-21;94;-65;77;-95;-23
-26;-36;-48;85;73;-63
7;-98;-19;-87;-23;-43
-2;-58;-41;76;19;73
-48;0;-39;-69;10;83
48;-36;75;-59;96;-62
-99;-10;-65;53;79;-53
53;-62;21;94;-60;16
-15;-99;0;-93;82;-93
-75;-47;54;71;3;29
94;89;30;-38;-18;55
76;29;47;-51;-60;-95
-78;23;67;60;79;-14
-16;75;6;7;23;56
26;26;-26;-56;-48;0
-22;72;21;-42;-83;23
56;-60;1;-43;98;58
-5;-97;13;-32;23;-21
-80;17;-98;-17;-38;63
-92;-40;99;22;7;-38
-74;7;-97;-53;59;-78
-42;-69;14;-37;35;65
27;-4;17;-94;-26;-91
95;21;76;38;-38;-37
-6;33;66;2;49;-74
-63;-92;67;4;-25;-72
-63;23;-29;93;-57;-49
37;3;-31;-44;48;8
77;15;29;-61;-69;-66
38;-61;37;-88;-1;54
-33;80;-68;-59;88;29
-31;90;-63;11;3;-14
-36;-72;-51;97;3;17
63;50;21;78;-82;16
-28;75;86;56;62;14
-54;-14;-58;84;84;22
44;-74;62;1;13;43
73;6;12;-94;-21;31
-36;-8;-81;-64;-61;-49
54;-62;100;18;93;-88
-27;-44;15;-33;92;30
96;-71;-3;-85;-45;17
43;-50;69;-48;34;-24
90;55;22;80;-78;-97
73;-13;-68;-11;-77;-42
70;65;-32;-51;-46;39
-85;-2;-69;72;30;-88
-7;-18;-86;-21;42;42
16;-11;-58;5;-43;28
52;34;-15;46;50;17
13;48;-37;-58;18;66
80;-18;-61;-97;62;31
99;5;20;74;-91;88
-11;-36;44;-88;-42;-85
17;30;45;22;71;-37
45;28;-29;-45;44;-59
17;53;-61;-87;71;43
-21;46;-5;-37;43;4
-29;95;10;71;56;19
-46;-16;63;23;-15;34
-54;-46;79;-24;-4;97
75;-74;-5;-14;-63;-52
50;74;-26;-6;68;30
16;-18;29;-81;-72;-54
82;-75;-44;-95;-38;-69
-27;32;-61;-93;-65;-78
-63;11;-76;-71;-83;-54
-7;19;17;-5;95;-66
54;30;39;-44;-24;-38
68;99;-50;14;-61;-26
12;43;25;-45;4;75
34;-77;-49;-56;34;-63
-49;2;-33;50;38;58
-5;76;-28;20;2;7
-72;-21;46;54;-91;-34
-70;10;12;28;-79;76
1;-53;15;-30;-48;56
72;37;84;5;-91;-14
-49;100;-39;-86;31;-51
-48;36;-57;11;75;-59
-56;-71;26;-95;-15;40
-15;68;-89;93;-94;51
-57;87;13;-41;40;100
-76;81;-34;-42;-88;63
2;84;22;-64;94;22
12;-67;29;-49;-11;-69
-95;-31;-66;-85;21;-55
74;-92;87;-89;-62;11
-63;-92;-58;-87;98;3
-13;-92;34;92;-69;-81
-55;-6;-52;68;7;1
-29;7;-24;25;17;41
-59;-73;62;21;64;5
-34;61;-56;-10;58;-34
-39;71;98;-50;7;97
86;-61;-78;-17;-71;81
-51;-10;-83;-11;19;-8
42;-47;-61;80;-33;-67
-4;-70;-18;46;-99;-74
75;100;-80;36;56;-81
40;-37;-70;56;-35;-86
-56;-10;72;26;41;-18
-79;-38;32;-75;-11;-53
43;82;19;-28;-83;51
-35;98;-51;-99;87;44
99;85;92;-37;-27;76
-16;-68;-15;-31;-72;-73
-21;-18;-68;-9;87;-73
-87;48;62;-31;18;-99
34;85;10;-10;-2;70
30;91;16;-40;-85;-7
70;-12;41;-26;94;-10
-2;7;34;82;27;-67
-4;-26;-44;-91;-27;32
-97;49;90;-81;-38;-15
46;-67;-89;7;-67;6
-3;76;-95;-45;-73;91
-24;-82;-4;60;-52;56
70;75;-56;58;-15;-52
-9;-88;-82;-87;87;-94
-30;-32;-69;-35;3;-100
-47;6;-73;-94;73;39
-31;64;-79;63;-86;97
-99;67;-48;95;-54;4
86;-34;84;49;95;71
-73;4;-4;17;71;-79
-34;72;-25;40;-47;29
-87;-69;-23;4;57;35
-6;-74;-64;95;21;-32
53;35;65;-47;-30;-12
-65;53;-92;14;-81;21
69;14;-2;-5;-15;-67
53;-13;67;-36;33;-96
33;34;-16;-3;-19;-78
-42;18;-2;-96;-72;6
-19;70;25;85;57;86
-91;11;41;49;-41;-83
-5;9;-9;-49;-18;-22
9;37;28;-27;-24;9
35;-64;84;55;-92;48
91;-28;-48;-50;-15;15
-1;-83;21;73;-32;-65
-39;88;43;42;4;-11
89;60;-45;-74;-3;30
9;-32;18;-13;-66;35
-18;-46;38;62;76;-58
64;-92;22;-2;55;12
-10;-57;40;78;-14;-47
-89;-100;45;-92;-64;89
-45;-16;46;88;-27;5
57;82;26;77;70;-98
-72;-1;43;32;88;-89
-18;-92;70;54;-37;81
69;81;66;-74;-11;2
38;38;33;-77;58;22
92;0;98;-21;13;-98
30;-6;81;-82;-94;-9
-81;93;-5;-64;91;72
-37;41;83;-22;39;-87
92;-70;-58;3;59;34
-77;88;5;-56;-100;-77
26;37;91;-55;-62;1
94;-63;42;-7;54;52
98;-70;-84;28;-76;44
99;34;15;39;9;69
-21;-84;-93;92;33;-41
-15;94;-84;91;-50;-62
-10;-43;-67;-43;-20;29
15;-91;44;54;41;71
13;-3;-61;28;43;-43
-75;-67;-56;-72;54;4
29;-43;41;-85;41;-40
-61;-12;-45;33;-94;-73
92;45;20;-23;-72;4
-100;-99;64;68;62;40
53;-89;78;59;69;94
-60;55;7;9;86;65
35;-24;-32;57;-28;44
-81;-8;-3;-90;50;-42
46;-87;-33;-46;80;-41
47;74;9;-38;-74;58
32;11;36;29;92;-51
77;-27;14;62;67;65
43;94;-27;-8;-83;10
-92;23;-86;-75;-81;-92
-24;-6;97;33;79;94
-91;-42;43;50;-57;8
31;-61;-59;83;74;-74
45;69;-86;-34;96;46
-64;-86;2;-82;-99;11
-23;87;-76;90;-65;-55
96;-85;-83;12;94;50
-67;-70;-99;23;86;-43
90;-67;3;82;-53;88
-16;60;56;-89;-72;-10
37;-8;76;4;-99;-33
-24;22;47;38;58;90
-73;-49;-77;96;16;-51
-76;-37;-38;38;-53;-27
-76;49;1;52;-29;-95
-12;-20;-36;83;28;64
-100;-75;-64;96;81;-56
35;90;43;-7;-42;-87
-85;-87;-94;22;83;51
67;31;-83;2;-6;-71
39;24;-78;-66;-66;-38
34;86;4;-33;-3;-47
-48;22;45;86;-82;27
66;-58;-27;-16;-47;-8
100;-95;43;-64;3;82
4;-32;-76;32;-77;-33
71;-68;67;-35;62;-43
-80;-25;10;-40;-88;-41
58;-34;-27;-68;36;86
29;46;56;94;-49;20
38;7;-85;78;-27;91
-87;-12;94;21;-21;26
-37;14;-33;84;-73;49
49;-76;-19;-38;48;63
1;17;96;37;-100;71
65;-74;-15;53;62;17
-83;-62;-60;59;-96;-65
31;35;49;50;-73;-79
68;-11;56;-32;34;96
-54;-59;67;-91;-63;62
-13;44;-5;-40;10;31
-81;92;23;-5;-23;-19
-30;-62;85;-63;70;-42
32;40;62;-98;-10;-82
-77;-91;-45;74;-86;80
-77;66;65;-10;3;97
-59;-34;59;61;-5;-71
30;32;37;98;100;-10
-41;-3;-71;50;49;68
-98;-5;90;-90;29;97
-54;21;18;6;-66;78
-88;69;74;-7;97;92
-41;20;91;-88;-53;15
43;-45;-43;79;-65;83
48;-16;8;-8;95;-52
60;12;-88;-87;-29;93
-65;44;36;-50;3;-53
22;7;83;69;59;-17
-95;83;64;-99;5;89
-2;-81;-35;-95;-96;-76
78;-99;75;1;11;90
19;78;-72;85;23;-23
64;-100;70;-80;-12;3
-89;-37;-6;-94;-42;93
39;-32;70;-65;-82;-12
-89;-84;63;-1;-46;23
-4;-7;-28;48;89;-59
78;50;-31;0;57;97
22;49;-67;-65;-44;66
-40;55;-92;-90;36;0
-92;18;85;4;99;95
32;66;-18;-15;53;-81
-30;-46;-88;11;61;-84
-71;3;-37;-59;29;89
42;-58;6;23;-62;94
-11;-75;-41;-72;-56;-13
40;-39;-41;-91;26;-5
19;-29;-49;-19;-89;-16
-46;-10;98;55;-54;63
-58;-98;67;51;-53;91
89;15;-30;72;85;-58
-21;-100;-80;14;45;-8
62;-26;93;-24;-26;78
48;-77;77;-61;-25;45
51;-46;-49;7;69;-51
80;-77;70;97;95;-14
-52;60;9;-53;-11;42
-84;47;46;-76;81;15
-66;-74;-27;50;-92;-55
29;-9;-68;-55;39;-40
0;-46;-3;84;-15;-48
-86;-63;-59;95;-85;-33
52;19;23;69;56;-37
-94;-87;-57;75;73;-51
95;94;-57;73;-84;45
32;44;90;69;-86;-98
-55;19;-35;-30;42;13
-87;-5;-55;13;-80;-10
-21;-25;-75;92;73;-66
1;-60;-42;-43;-37;-73
-27;-33;-49;87;33;-67
-6;31;76;17;-53;-3
93;38;-6;47;-21;-100
-30;14;31;-23;96;-10
-64;-99;-98;-90;27;18
-29;-17;26;89;-80;-13
95;31;81;-23;-39;-13
96;-17;92;49;30;68
-56;24;-9;30;-96;18
-13;-92;13;-76;-10;-81
23;-26;-77;-35;-98;-58
-38;-4;52;-20;42;66
-99;-82;-37;-10;12;-46
17;-45;-31;19;-76;14
-20;-81;-100;-89;17;-45
0;-92;-94;39;-48;-27
-12;-28;33;-34;-99;-70
-11;95;-25;-20;-99;90
14;-28;-98;-67;82;35
-61;17;12;-4;-51;4
-17;-14;6;90;-35;-90
-12;-62;-77;78;-98;-23
-45;65;-72;-43;-90;70
41;-34;77;16;-4;-66
39;-36;-70;33;49;88
-94;70;-26;-42;-92;-2
-51;-3;-97;-86;-45;-63
1;85;-83;0;-65;79
-66;-9;58;76;-42;33
8;-56;-61;-41;-46;77
37;-69;90;0;-70;-20
23;35;7;65;71;20
74;15;14;-31;23;-69
-1;-36;42;92;22;1
66;62;88;-78;-1;56
1;-85;-94;-98;-41;-94
76;-70;67;18;18;40
65;-62;97;-91;77;24
-7;96;-15;43;-92;-50
96;-98;94;90;-84;-86
44;-6;10;-8;-84;76
13;-100;-42;61;23;58
78;-29;20;75;-7;-84
-94;-89;-10;-46;29;37
-31;-24;76;5;-55;-80
90;-69;-19;16;5;-19
56;-92;-77;-48;-19;2
-47;100;3;80;83;-88
0;13;-92;13;29;24
-73;77;42;55;65;15
-56;-42;28;-95;61;20
69;84;96;-75;-94;-16
-46;-75;77;21;-25;36
11;29;-72;-1;-3;-21
-100;34;100;-8;-9;56
-88;-33;-99;-27;-77;-47
8;51;56;-43;-76;48
8;-79;32;81;-89;29
64;20;72;-71;4;-5
-26;-88;-27;21;12;-59
95;83;15;-63;-68;99
98;-34;-18;-57;-76;12
94;11;76;4;-13;49
49;56;-79;-16;-87;-3
94;-19;5;20;-28;-37
-61;-36;-90;37;40;61
30;34;6;-27;93;68
-8;59;96;-4;4;17
-46;91;35;9;-68;-8
-98;-40;50;-16;17;-31
-31;32;-50;24;-22;-31
26;98;-62;19;76;-50
89;-94;-97;66;0;79
-59;79;-99;37;-2;70
36;78;68;71;-10;51
55;34;-40;52;69;79
60;-27;44;-86;93;-74
96;22;-92;-58;-46;51
44;52;-48;42;56;70
-99;76;87;48;-6;25
-81;-48;-67;-22;-8;80
-15;71;-34;4;-56;-85
-68;-10;-88;67;64;-33
-92;-43;-83;25;-14;28
48;-55;-16;-62;-91;-25
-26;28;32;-12;60;9
61;1;-49;94;-30;-46
-6;-40;6;-13;31;-11
80;-17;84;90;-91;88
15;77;90;72;26;50
-17;71;-4;35;-72;-59
45;69;16;62;70;-11
15;30;84;46;-23;-87
-92;34;-14;-16;-93;42
46;-46;-21;34;-20;79
30;23;-39;-30;-89;-84
62;34;62;99;-96;87
85;87;-86;80;-67;45
-64;-10;64;-93;-16;16
-78;82;-4;-57;-99;89
-26;-29;-21;-40;10;-50
-15;50;9;54;74;-63
27;-78;71;-87;-76;-65
-10;74;78;-42;-83;-39
-36;-95;8;35;10;49
-54;-50;97;-32;93;3
-11;51;29;-14;73;-41
-17;-81;49;4;58;-34
-36;-53;61;-78;-74;75
4;-23;-17;-42;-49;3
-50;22;95;-55;35;-2
-5;-8;47;-69;64;-53
7;96;-61;57;99;-36
28;84;-84;9;-92;-40
-36;1;-51;13;-90;-100
-7;-79;15;-21;-38;-61
-69;6;43;95;-13;98
-5;-53;-14;7;-37;-2
85;-35;-96;-29;77;74
-76;76;-17;-47;80;1
-81;-57;21;84;-17;32
-17;-5;-45;33;-2;-15
-60;54;-8;-94;19;9
28;-3;79;-5;40;50
4;-56;-72;80;-38;-94
89;7;76;-77;-44;2
-83;-98;-26;-57;42;-81
-99;47;86;-49;-40;-14
-15;-27;-67;86;14;-48
-76;39;-28;-25;43;39
-30;53;36;76;-46;-20
78;44;-13;-7;97;-33
42;95;77;-38;60;92
31;91;-8;13;-6;-11
19;-23;-15;73;88;-26
-84;-52;-63;-75;-48;56
-39;77;-30;-87;-20;17
16;-59;-22;-79;-27;91
78;11;62;54;-40;-37
99;-54;7;24;-73;30
-66;95;95;80;97;-31
-24;-37;-26;91;-69;-81
-10;-1;61;66;75;-66
-51;-39;-5;38;-47;84
94;26;24;62;-30;27
-67;57;55;-52;-80;46
-30;9;85;-24;-38;-38
-89;-83;-84;8;-66;97
-64;71;54;41;-66;39
87;6;-56;87;78;-32
-94;-69;-96;36;-23;34
-68;16;-86;78;23;-17
84;38;-81;-10;-99;42
11;3;75;70;45;-85
-17;-98;-22;61;95;-26
-20;-30;98;-59;-93;-96
97;-3;-94;-28;-45;-86
-18;-11;-29;62;52;60
10;27;18;98;-58;17
11;-41;-37;43;51;16
-4;-72;80;90;-73;-15
-78;97;36;-8;-98;65
-61;0;91;-45;4;-80
100;53;-63;-74;84;80
97;6;60;-30;-44;-49
46;-21;10;88;-94;-7
-79;73;-38;-23;83;-47
-74;-91;-44;27;-29;-16
-75;21;17;10;-22;0
48;39;56;38;70;-36
100;-1;54;-25;53;-36
-19;-79;-49;-31;46;40
37;-32;-1;-48;-6;-45
45;70;-81;-65;16;-33
2;94;11;-49;-91;-20
89;17;-34;-96;81;57
39;57;17;63;-80;15
-30;1;-21;10;26;-83
-79;100;-59;64;66;60
-43;67;88;81;39;80
-51;-45;88;-74;62;5
-66;-71;-75;-93;63;70
-3;-99;-93;-47;-87;24
69;59;94;-46;79;-29
4;59;-3;45;67;-3
0;9;-20;26;-60;34
-97;87;69;-47;11;-85
-59;31;-85;-30;93;-95
-88;-65;-74;-59;-95;92
39;69;86;-90;-39;6
-24;-6;-46;88;20;41
-93;-63;-29;49;-83;-31
-78;-92;-20;-28;-62;81
21;-28;47;65;5;-9
-50;25;50;45;29;-39
90;4;62;-51;89;-84
-91;-74;-75;-15;49;-95
72;85;0;94;19;51
-29;99;-37;86;-76;31
35;-28;-76;-24;90;38
91;-51;-26;71;4;74
68;1;-6;70;-58;-23
-32;-65;79;47;-18;26
-82;-49;-90;77;-14;-19
-68;33;2;22;43;45
90;-95;63;-42;59;-40
74;-81;-93;-99;5;28
31;-32;86;10;91;-14
57;81;8;-22;-67;70
55;94;24;-73;-86;97
-63;-62;-25;91;100;14
-97;-53;45;-4;49;-22
-3;-30;6;-48;41;17
78;49;-52;-71;-68;-51
17;86;85;-49;61;-57
-88;53;-41;-91;-60;54
58;-16;66;15;47;-46
-76;8;-74;67;-8;5
-98;-19;17;94;34;-25
-10;11;-52;-25;87;96
-14;54;24;-7;62;15
-2;-17;-59;64;52;27
93;21;-48;21;94;65
75;91;-67;-26;-51;-21
-37;-3;-78;4;-48;83
84;9;45;48;32;-86
21;-74;38;77;-98;16
15;1;88;-31;-55;37
-18;13;35;42;-40;96
-5;84;62;51;-95;-16
-15;-43;20;-67;-11;74
-82;75;-74;-39;22;-84
-100;64;-11;-61;-58;18
-9;-13;-72;-21;48;83
-64;-69;32;-85;46;-20
-63;-28;-44;-24;30;-36
-5;-15;78;-54;-4;-83
-79;93;34;52;78;-10
-15;-28;-52;-41;93;34
61;-97;3;-14;22;-35
-60;72;-79;25;-29;-89
-92;-15;71;-36;34;-31
-70;82;28;100;-53;-56
81;-41;-52;25;55;66
43;40;62;82;-41;-98
-34;-66;-66;-52;44;30
-79;11;-59;56;-96;-97
67;54;7;40;-80;-51
-62;-37;5;91;-69;-87
-88;71;97;19;-58;90
87;-65;36;53;11;-55
58;45;60;-66;31;-50
2;15;86;73;-38;-64
-28;41;58;0;7;-32
74;-46;91;41;-28;90
-68;-63;-72;-73;-91;2
-97;100;-69;-13;16;99
10;-37;53;5;84;-34
-68;-90;78;-75;16;10
-71;39;63;23;-99;-95
-16;64;-25;-41;12;69
-32;74;-45;-44;-50;-74
7;22;4;28;-40;59
-49;36;-36;-9;46;-78
68;98;-43;76;-37;-33
-37;30;81;73;75;23
-95;83;-47;43;25;73
-40;74;-70;-77;-24;4
-65;5;-51;45;-60;13
-19;-68;-72;-60;-17;48
-89;-40;-24;-86;63;19
-98;-66;32;-84;80;75
-59;18;-84;35;25;-100
57;79;-83;59;33;81
96;-69;-25;60;-82;-53
20;-45;18;-45;-95;53
-93;36;3;-10;-74;100
-30;47;2;-62;0;69
-44;-41;-63;-91;-91;-38
-70;-99;-45;-59;45;54
51;32;32;-65;91;40
-55;-84;-1;20;-96;-79
-94;51;-43;-88;54;77
51;-13;-91;40;-61;-30
17;-42;32;-40;69;-67
72;-5;94;-35;26;49
-22;-3;-79;-93;-13;3
-69;-5;41;-12;-67;-60
79;54;-6;-85;2;-8
88;-37;43;-45;83;62
-88;-57;-31;-1;8;65
-66;-91;83;18;56;-87
24;14;61;88;-42;-88
-82;-56;-4;1;93;87
-23;10;-86;-46;52;-98
-45;-99;-48;-100;-59;99
43;14;-52;-45;51;-44
-72;97;90;-57;-36;68
-12;-14;25;-10;60;-62
-71;-62;-88;-4;53;-72
-22;28;14;39;-62;68
88;-47;3;-65;93;25
23;-18;-95;-37;-76;-14
-50;62;-67;-11;-68;-74
18;96;40;73;4;-30
-36;20;55;-14;-36;5
13;98;-12;34;-65;-62
49;84;-97;-21;40;3
-57;30;51;-68;-48;-72
-72;-19;59;17;85;-58
3;44;47;-59;62;35
-61;43;80;-49;52;17
80;-99;-17;55;31;92
-8;81;4;43;-34;68
-89;54;-68;-85;-24;79
36;0;-13;-5;23;64
-87;33;-23;-36;51;-28
90;-31;-16;-73;-19;64
33;31;-84;83;22;-72
-60;-8;18;-15;14;-65
-1;87;-38;49;-61;-13
-68;-11;15;-45;-19;62
-64;2;38;-91;-5;-71
41;79;58;90;17;-58
-17;59;34;20;-79;65
-75;97;63;85;-72;-5
-55;-73;70;60;-32;87
-100;-32;56;-68;-93;79
-16;58;42;22;68;84
36;33;-7;77;-21;-28
83;-59;61;-73;49;53
-93;52;41;38;15;-59
-82;-51;-71;-90;16;-4
-30;57;-46;45;83;67
-69;-81;85;96;-85;23
-47;90;34;39;-84;-4
-73;89;70;-65;-90;-28
55;-10;-73;-53;-31;85
29;47;-23;16;9;65
21;-48;-83;-46;40;6
-40;41;-53;32;37;-5
-96;-17;13;86;-31;54
-91;99;11;-9;84;-5
-47;-3;23;70;-25;-17
-19;24;6;-54;42;-49
-2;-79;21;58;-22;-10
-98;100;94;42;-16;-10
60;28;78;-27;-23;58
65;-100;12;64;-88;-25
-37;95;69;-75;66;46
-50;-51;-38;30;-73;28
44;2;8;-63;17;100
-41;39;78;82;31;78
77;-43;34;-69;70;-23
-96;-39;-68;81;-32;81
-48;-80;-39;-13;-43;99
65;28;57;-91;-59;27
2;-2;-33;-33;-79;83
30;-78;-12;-81;-85;27
89;-47;20;14;-5;-20
86;-7;-76;34;43;-62
13;-47;89;36;-65;-47
-26;-37;54;22;-47;83
-73;64;97;74;35;-44
-43;-74;-55;52;0;-83
-34;-65;-93;-10;-93;95
76;-4;-2;4;35;84
23;28;55;13;29;-82
88;-87;92;65;5;15
67;-86;-13;-30;-18;-42
52;38;39;69;36;-73
-75;-91;17;-76;98;-97
25;-16;-44;-16;-90;70
-100;-73;1;94;24;5
-30;-41;13;18;82;-64
43;-5;78;51;20;-49
98;-92;73;-33;-63;26
4;-51;83;-56;44;-36
-52;-89;-32;61;-64;22
-89;-51;18;-52;-9;-53
-28;66;-40;44;-38;13
41;-94;26;77;92;-49
68;29;82;77;51;-57
88;-92;-74;0;49;-45
85;10;92;-78;-92;81
-56;-44;-29;26;-85;53
-10;64;-91;14;-52;-5
80;-81;-1;36;2;-99
-12;-8;-89;-17;2;37
31;-75;-34;-86;79;61
-59;-57;-89;44;-76;79
69;-83;-68;52;100;-37
14;73;-28;7;33;32
20;96;-27;-77;83;-18
-25;28;-50;57;-75;-72
-90;-63;-21;6;-5;-74
-5;51;-58;17;-82;-98
19;50;-6;-71;84;-82
23;-10;50;-87;-40;-86
-57;15;82;-57;-23;45
-28;17;64;2;47;29
76;34;-3;22;-71;-8
19;-33;2;65;-63;94
-49;-76;-98;-56;12;76
64;68;82;57;66;94
48;29;15;-24;-28;74
46;-21;-48;0;38;-98
73;99;23;97;-43;46
-86;28;-83;-84;-43;80
-12;-54;-1;71;-4;-75
-26;39;97;-7;-67;-54
-18;-15;-53;76;44;43
-25;76;11;20;-97;5
56;23;-95;-16;-22;70
17;17;65;0;99;82
26;-75;95;-89;-23;52
-56;-47;-68;-15;-98;-10
-99;-21;-27;99;77;-14
61;11;-42;-51;9;-79
58;30;-1;-82;52;36
40;51;47;-55;-4;78
5;81;-73;-78;5;-89
96;-26;-33;80;100;-41
45;11;46;49;95;-17
-18;7;-38;79;-8;6
50;33;35;20;-100;97
80;-65;-80;-98;-33;9
-53;74;-33;-53;-90;-47
62;-79;-32;78;-7;51
40;74;24;28;-10;37
55;78;54;51;84;87
83;-11;78;-55;-24;31
-77;-12;-97;78;-6;5
15;-7;-36;-49;-84;55
30;42;-1;-86;-35;18
69;-31;-41;41;88;-83
26;73;-70;18;26;1
50;-21;-71;61;34;89
3;13;-71;66;-57;1
42;13;18;25;68;77
87;53;9;66;-56;59
31;-36;-81;-37;-4;-88
-28;38;41;-96;65;87
63;-54;6;-90;59;-61
49;-65;-20;-85;-21;97
13;83;25;-1;18;8
-22;8;-35;-81;21;-25
20;-69;-65;-30;-100;-79
-8;-28;96;-51;4;62
16;84;38;-49;26;87
34;18;-91;-84;-21;56
-84;-7;-90;-33;-73;50
-48;1;71;-26;46;-45
-85;76;79;93;4;-6
-14;52;-37;32;-66;25
95;-26;54;-28;60;8
31;-81;-61;-87;-30;-22
-82;-36;8;14;65;-14
-77;-21;32;80;100;-45
-26;93;-100;88;-46;-99
28;-60;-91;-8;-49;-41
57;-47;47;-79;82;30
-29;-94;22;13;-40;-36
-6;86;-79;-63;66;4
-36;-80;-67;-53;-50;22
-19;-3;16;91;32;-100
-48;7;35;-14;-43;-29
34;-40;-15;42;1;73
-57;29;-13;-93;79;-41
-62;11;-48;64;-97;-32
-12;64;-68;36;68;25
82;-51;-14;24;-80;38
89;-84;-77;-91;-99;83
-26;-91;9;-33;-27;79
-15;-100;46;10;-68;-73
46;-10;-50;99;26;1
78;-50;-78;-16;-27;59
-62;90;-18;-15;-22;49
-74;-14;64;75;-22;62
85;28;-33;-91;70;41
28;-28;15;-28;-26;12
81;-33;-8;99;85;-93
96;13;38;15;10;42
-41;-13;75;72;-76;61
-84;-76;-75;-34;-57;1
-21;-78;91;-33;-89;-90
12;-11;-62;38;-1;-58
-58;5;43;-37;95;-20
67;3;86;32;96;-23
99;-78;47;6;27;-65
-6;46;22;-71;26;-31
-50;66;-19;75;-76;36
-96;2;55;47;-6;-11
47;-12;-43;-33;25;-18
37;-6;-97;-15;84;-43
-45;-71;60;80;-81;20
21;-89;-58;-44;81;19
-9;57;-82;72;65;39
-68;-65;37;-28;-31;-42
-47;14;25;35;-77;-29
12;-85;69;-30;-89;24
63;96;65;-56;43;31
6;-43;-49;81;-36;87
-35;-79;48;-50;67;48
-84;74;-53;-59;22;-24
96;24;94;-37;-96;-1
-13;21;-26;63;76;76
-100;-50;29;-4;-6;-58
-30;11;34;7;75;10
-31;9;-88;-90;81;31
-4;20;-100;29;-10;-23
98;88;-19;-56;27;86
7;-35;-85;-27;-62;35
25;38;73;-25;18;73
-12;12;-68;-5;-24;-84
73;33;34;72;26;61
-2;-20;44;-77;-23;90
-19;-37;33;72;-31;99
-44;-50;44;-25;-98;32
80;14;-41;-32;23;-95
80;37;88;-51;86;-32
-47;-25;-86;-24;97;1
36;93;68;37;2;73
50;5;-80;-64;11;50
21;-80;-64;52;24;38
-23;-67;2;25;29;39
-2;-89;29;-14;44;-7
65;48;100;27;-94;11
81;98;-18;-69;77;-44
-4;26;-66;-12;-17;10
75;84;42;13;-72;-36
91;-58;25;-43;49;17
-41;-88;99;-60;67;-99
10;39;58;-10;19;-39
-32;-17;-33;-33;-13;63
13;-43;18;3;30;6
31;90;-78;-61;-57;10
69;-77;-46;-15;76;-10
-62;-82;-30;96;29;89
95;97;-55;-32;-83;21
65;47;96;85;-6;33
-23;18;18;-18;42;-33
40;-100;-39;70;-4;99
-84;18;46;-10;48;-59
7;47;-5;-4;72;-6
56;-95;27;19;74;34
-83;-12;11;81;87;50
88;55;-100;-93;-47;61
61;-25;-19;36;8;-81
17;30;96;-59;51;100
15;36;92;-99;-79;19
3;-16;22;-62;47;91
-34;-98;-99;16;-45;67
45;-46;-41;67;-23;55
-11;-34;-78;-42;-100;19
26;-80;53;-65;-91;-30
-67;23;-57;96;2;-77
-44;35;-72;56;-97;14
56;4;-37;69;-48;0
25;-98;-80;-7;-98;46
10;76;56;79;44;-5
-63;57;66;66;28;-81
-10;-37;86;74;52;-99
-51;61;-100;61;24;0
-78;10;28;-2;-63;-64
-91;41;-74;6;100;-84
0;41;-74;75;-12;61
75;21;-22;-83;-55;10
-96;-24;-75;-47;-18;-39
56;-10;63;-27;-17;49
-52;-62;81;55;82;-30
-36;2;-51;24;-18;-78
-17;-54;-30;-34;27;-79
56;17;-98;45;-7;-57
-2;-28;66;-41;-35;-25
-43;-20;86;96;47;79
66;-1;-63;56;-56;-81
-76;24;-81;70;9;-86
16;-91;-48;-37;6;10
-14;-86;17;-84;-16;18
66;-69;-87;86;95;96
94;-82;-37;-20;-21;-42
9;-2;-42;-20;18;16
-84;65;-78;-69;63;-35
-52;-35;-92;-85;45;-56
98;-37;-55;-3;-14;-36
-22;-49;43;34;85;55
-55;55;-44;41;-52;-93
-59;73;-20;8;36;41
-93;-86;66;-26;19;-33
-43;-81;54;77;40;94
-36;-77;-60;24;7;69
-50;-81;33;53;9;58
-92;56;-88;97;64;-100
40;-78;-47;68;85;-71
-21;68;-100;44;7;24
-49;34;-39;97;-59;32
-31;86;-70;-2;17;-22
-58;-66;3;-43;95;-78
17;-89;63;-11;-16;-41
71;-48;26;73;-16;-65
-27;65;-75;19;74;-5
-86;-52;82;22;-43;59
92;40;79;-37;40;25
97;-18;-54;46;-49;73
58;35;28;-77;10;59
70;87;-55;71;92;84
50;31;-32;99;89;-55
81;-71;-26;-16;-88;-100
83;-74;-23;-18;-20;-100
-89;41;-10;-4;-70;-8
18;-28;-85;72;0;-80
-36;-86;-13;95;-12;-90
-91;77;92;37;52;-62
56;-31;12;-97;60;-40
-71;90;42;78;61;-35
44;-66;74;-78;-93;89
12;-74;65;-36;16;-32
21;-41;55;-77;92;53
49;-91;99;-48;-51;-5
69;-39;88;55;11;39
-52;-4;-99;70;-29;53
28;68;45;34;-54;-26
15;-10;-54;-95;23;-9
-94;-18;83;-2;73;79
8;18;-55;-19;-99;57
-59;74;-4;-63;-1;48
48;63;-36;23;75;-71
-33;-99;63;-10;95;-58
49;-88;31;85;-31;-96
59;87;0;50;30;-5
17;85;90;-91;-44;93
-13;72;-55;4;26;38
-40;1;-74;-20;-54;47
49;-48;-26;-53;10;47
69;-91;2;83;-51;-54
44;60;-61;46;-3;36
-51;-54;-75;60;77;78
2;19;27;-89;10;2
-22;-54;30;7;10;66
90;-7;-73;-53;-47;-67
-99;34;90;-12;-83;82
-91;-41;-98;-61;96;-98
-74;-80;32;-60;-11;55
-78;18;52;42;64;-84
-83;41;87;88;87;27
99;-53;-68;-64;-73;36
-5;-14;22;22;-54;-27
-48;89;-42;-17;-85;7
-63;83;-76;-98;-23;-82
-9;95;-94;64;-32;-34
5;-64;-69;-95;-4;-45
-3;-81;90;-72;72;-52
17;70;11;-44;-22;-18
20;-82;-10;-29;5;-48
37;52;55;-56;42;81
-70;-70;60;-36;-92;-72
-24;-11;19;22;-54;9
9;-6;-96;-57;60;-68
-70;4;-23;1;-90;-2
-86;74;44;90;-5;-97
34;-38;-35;50;-22;-100
71;73;53;59;79;62
6;20;6;47;15;-66
-71;35;-19;11;-85;81
1;100;30;-21;8;73
98;-41;79;10;-94;-10
-8;-4;-1;-95;1;-38
-32;7;-40;30;-25;-88
36;74;-17;84;9;16
77;-86;41;0;-32;-56
-55;-32;40;88;78;-9
81;41;29;-97;-36;-3
53;-40;-30;-31;-90;99
-29;86;18;20;-52;-75
-73;-79;-43;30;38;-92
-77;-34;-90;5;-54;24
-49;45;52;34;11;35
-47;-28;-1;-20;1;-35
-30;-19;-97;-31;58;-79
-35;78;-7;37;-93;87
35;-43;-31;-40;37;91
-20;26;98;-30;-27;-53
-31;57;84;97;-56;95
71;-3;-97;55;-52;24
3;-77;28;30;44;93
57;40;-45;-31;-35;-75
66;-46;-43;33;-36;-9
2;-60;-42;74;75;-32
100;-52;60;87;13;95
-89;77;98;-71;40;-77
-96;-63;9;84;71;-3
-64;-45;14;10;88;-69
-82;-58;-51;-54;-40;-56
-97;55;-14;-43;36;30
-47;-35;-58;46;-69;-48
49;78;-61;5;-24;-26
-27;-54;-29;-87;-91;23
-39;-8;11;-75;59;79
55;19;-24;40;-49;4
34;8;-19;-2;20;-62
85;66;14;28;-86;58
-16;-46;92;11;-94;-81
-28;72;-90;-48;42;-26
-36;38;0;-78;85;-8
36;-19;-81;42;92;47
26;20;94;43;-10;-31
4;88;68;-85;30;-84
-93;-48;-75;-31;-27;93
-34;-56;-94;64;-53;49
89;81;-48;17;-4;19
-59;-92;83;42;70;-82
97;89;-22;98;48;44
-63;-21;-64;-68;48;-3
77;0;-21;-61;95;99
77;-71;-2;39;21;-28
-78;-81;43;-45;-41;-35
-86;30;13;-67;76;29
-35;94;-1;73;-48;-20
93;50;18;-70;-15;-79
30;-90;11;-55;-25;-9
62;88;-40;-37;-43;-30
41;-39;-5;-11;98;-87
41;38;69;47;-85;14
94;-87;-53;-23;78;-7
-89;35;85;57;10;18
49;-6;80;42;19;-13
-90;54;77;-76;3;-11
-16;-33;-35;2;4;-76
45;-15;-41;65;85;14
-76;69;5;-92;-34;32
-80;-39;90;-11;-68;46
97;-12;-81;-31;83;-37
36;-97;73;59;-2;-61
45;-61;-15;-37;22;63
30;51;33;73;34;-77
-52;36;81;-88;-6;8
-29;61;58;-24;-37;-34
-24;-3;-82;-9;21;63
66;13;89;-49;-25;-38
16;-75;9;5;33;97
59;-7;-96;-95;-52;-39
34;-26;-29;94;-44;-95
9;45;32;34;14;56
-1;-26;-63;87;90;43
-44;-80;-46;82;-54;32
5;43;63;-25;44;-81
83;-42;-11;18;26;-47
-14;-57;89;1;-31;-17
-81;-67;-62;-17;-84;-86
-94;36;91;-54;-68;20
-36;16;-88;49;78;53
54;80;0;-65;71;93
-47;58;-22;-95;56;-60
-64;5;87;12;68;8
1;-99;-67;4;-37;67
-24;88;96;-25;94;-85
-7;22;64;-93;-6;-58
-62;-70;-56;33;-17;43
60;82;19;-48;-24;-35
1;77;40;86;-22;91
-77;-32;-100;-93;-39;52
100;7;-24;-50;-11;-36
68;98;-2;-24;7;-54
-2;47;33;-91;-8;5
-100;-62;27;-83;-57;-56
-13;17;-94;4;22;51
-90;60;73;16;-91;-84
81;35;-55;34;-53;9
81;-55;-100;66;79;-66
23;2;10;-59;-26;-42
71;-88;82;44;-11;80
-5;-97;-37;-79;-81;64
40;-42;-3;-19;94;11
-83;-52;-99;-90;-92;66
-48;-25;76;-41;17;-12
51;-58;67;-49;-83;-84
-95;-74;-66;31;-75;77
59;-72;-85;-65;-3;-19
-77;-76;-55;8;30;19
9;36;6;94;-14;-30
56;-5;-20;-94;-47;-86
-37;15;-8;83;99;67
-3;45;24;-6;48;31
66;-98;-59;32;25;-4
60;-22;86;-48;-15;68
-5;-21;0;94;25;28
14;90;-54;-55;-14;-43
-61;-19;58;-83;33;12
-40;-26;-25;-45;-93;-53
68;26;-72;69;99;-74
-45;9;81;-18;79;87
87;-29;12;-21;85;-53
3;-13;23;-96;-8;-50
54;32;3;-27;-50;84
97;-70;11;-20;32;-97
20;90;37;-90;-46;-21
15;30;-30;-83;-7;-60
49;82;-30;-15;48;14
-73;85;-82;-8;89;68
54;9;14;35;30;59
-21;55;11;-33;2;-90
66;5;-21;-36;58;-30
88;-18;-14;14;14;31
-86;7;35;-40;-80;-89
13;-61;-26;-99;43;34
3;50;-80;-1;-82;70
50;-9;23;54;28;-37
29;80;22;-79;-55;84
39;-97;91;-82;-5;-23
19;-70;-56;-84;-12;-32
87;98;19;53;33;39
29;-84;52;77;100;7
97;99;-100;65;-99;-96
-92;-31;59;-80;22;92
11;88;-71;-13;-86;-36
-3;8;-29;-46;-20;1
-38;58;65;-88;-93;-86
97;5;63;-98;-86;79
100;-78;-78;-49;-50;-53
-46;50;78;-30;90;-52
-51;65;-44;-51;-21;-43
-37;32;36;10;23;-77
-5;90;-15;88;-28;-11
59;-28;-7;-3;-84;62
-84;66;-72;78;-55;0
21;42;71;7;-58;26
35;62;-65;3;13;-3
84;-4;-96;-37;-82;-39
5;40;-23;-38;92;60
21;55;90;-44;55;20
90;-53;-31;22;-17;-7
-38;-16;1;-3;-10;-54
-37;43;-85;85;92;38
-73;-91;60;59;18;-6
-76;-64;-90;94;-12;17
89;-30;-25;15;94;-85
36;46;-36;63;-10;-19
-45;-71;11;2;87;25
38;-37;93;46;-28;-68
42;-95;-24;61;68;17
-93;94;-29;-10;-21;-27
65;-89;-47;-43;39;1
-40;-41;-16;18;73;-46
45;87;23;88;-5;53
-56;44;2;-47;-51;-94
-79;-67;-49;82;82;93
57;-92;53;-83;-96;53
46;40;49;-1;44;-28
56;-90;-65;-52;-23;82
-28;-61;87;56;-87;26
-58;86;-20;40;15;62
-95;50;56;61;99;94
-92;-37;-45;-11;42;38
25;13;65;32;-60;-90
-10;91;69;39;29;-65
68;64;-15;60;29;-83
-56;76;46;-27;0;-28
-90;-81;-90;93;45;91
72;-2;-64;40;12;-97
20;-96;-43;-85;-4;-32
91;100;-68;-65;44;63
-10;15;56;-5;-10;55
12;95;-78;-54;-42;54
-70;8;98;25;48;43
-99;95;90;32;91;10
-13;-36;-60;15;31;-2
86;55;14;23;-27;-39
-81;84;-74;-71;40;-14
-68;23;67;-67;-65;-13
-12;-58;-89;25;21;-47
-58;-9;24;43;-97;-61
-21;-12;-92;-58;-73;-42
41;-98;-54;64;53;-36
-43;79;49;12;-11;-50
83;-78;35;98;79;13
47;2;91;15;92;-57
-41;-20;57;10;93;15
-2;6;59;81;24;2
74;60;-8;-45;90;-7
-38;9;-75;-96;-82;59
-29;51;-45;81;97;-8
-29;89;-36;-83;47;60
-64;-12;46;-24;53;33
13;-90;-78;69;11;-66
7;0;-75;0;-96;-38
25;43;71;7;-50;29
28;-38;-94;-55;-2;-37
-34;15;-30;0;30;-64
74;-27;-71;5;-48;45
-72;-50;86;-89;-47;-35
-47;-100;95;-32;-4;-50
1;-70;-45;75;-94;77
4;50;-42;29;73;5
-88;-12;77;-75;72;74
-34;55;3;-8;-73;-21
33;-87;-99;1;13;92
9;-72;-59;20;-73;4
59;-43;-95;61;-5;61
80;2;11;-40;36;-63
54;34;-17;61;-52;81
-30;93;93;-51;53;57
65;48;-68;-47;-75;-3
-39;-13;-75;-2;70;-17
-65;22;95;-22;100;-70
13;-84;34;77;35;34
13;45;94;-3;75;-82
-58;-9;2;35;-48;-4
99;78;9;56;50;16
-63;65;71;-82;-93;-54
-6;-8;79;25;14;-97
32;-93;29;-87;52;50
-86;-60;-73;69;-14;-2
-14;-22;8;64;-48;-78
80;80;22;98;-37;-83
-72;-66;-52;92;11;-15
98;13;-23;80;55;91
-77;-51;-83;-100;48;89
-43;39;41;-72;9;48
51;-99;-88;72;24;-2
-83;-83;-29;85;-98;9
68;11;-89;30;54;76
-71;-75;29;-75;43;43
-6;69;26;56;87;-58
-31;89;90;12;48;8
-40;0;11;-32;-66;10
13;97;-34;-22;16;-7
83;26;17;53;-97;16
85;80;-94;92;-15;-99
70;-42;-58;51;-99;37
-38;-3;25;81;37;43
-89;-55;-30;98;54;45
-28;-51;-59;-87;-78;-13
-80;-58;32;-100;-70;17
5;89;-35;68;-91;29
79;-85;9;44;-94;15
39;99;19;87;-48;61
21;58;54;-100;35;46
14;-67;41;57;83;7
97;61;-62;-26;24;21
-70;-87;49;-74;-64;88
-76;-37;11;5;-9;56
14;81;83;-59;23;-58
-49;-95;20;-30;95;-15
-43;54;-62;-85;68;-25
-81;83;-9;-30;-4;79
72;91;-30;39;97;14
-21;0;-83;-99;-78;-15
-61;-88;-18;-86;-41;-85
-25;33;64;6;95;-14
58;84;27;-73;85;52
-20;12;64;1;-30;46
10;-29;-28;-37;-4;80
-76;50;-21;21;-39;7
56;-55;35;-28;69;-2
-63;16;14;-98;9;34
-37;45;83;-83;65;-79
-96;55;73;-65;37;75
6;50;-90;-38;-14;-95
83;95;-60;-82;58;-93
82;-30;96;-18;44;-85
-36;-63;86;-30;-29;16
-60;-68;-23;-7;-31;-91
97;12;79;94;6;-27
-53;78;-5;87;-58;62
60;-4;-81;-22;-56;76
27;-33;97;-46;-7;-92
-29;-76;99;98;-80;68
-86;44;26;-91;66;-10
-2;-81;57;36;3;28
13;-20;-7;92;-50;10
-85;-4;-33;-27;-2;-60
-81;73;-28;-57;-10;-28
-13;100;-76;24;-3;97
-58;-95;91;39;-55;92
74;-32;55;51;-32;53
30;-81;98;-28;-75;78
-34;-83;93;-59;-17;-68
31;60;-7;82;-42;-79
-19;-6;-94;-97;11;18
-88;69;-79;-91;3;79
71;81;92;70;-67;13
21;-9;-93;33;-83;38
49;-40;-99;73;-70;92
71;59;-47;-17;92;44
-42;0;-41;52;-48;71
-73;86;-40;54;46;-22
-26;-17;-38;4;-60;35
76;22;15;77;-58;48
75;73;-56;98;8;-51
79;71;76;-10;-86;59
-48;-37;-60;-62;65;-22
-14;31;-22;-48;-86;-90
9;25;22;-20;90;82
-54;13;67;-16;-54;-93
24;21;-80;92;-9;-6
-67;65;-62;38;72;48
22;-98;-64;-29;57;59
51;-55;-18;69;57;-46
79;-73;-54;6;63;19
60;-50;-95;35;58;99
72;2;52;-51;-66;-18
0;86;-29;77;63;47
62;45;-9;9;12;52
67;84;52;-42;-71;52
-70;-100;87;8;-9;2
19;66;2;32;-85;-88
-65;14;-75;-44;-82;-22
-60;9;-99;-51;-96;-64
36;54;30;-68;3;-28
93;-6;86;-19;-71;8
6;11;30;67;15;-93
91;9;44;82;-78;12
-87;7;-75;-65;-96;100
10;-25;-97;-49;-55;88
-62;-89;-3;94;25;-62
65;16;34;56;100;31
50;32;-25;19;0;-13
25;54;84;-61;-35;-58
-41;-58;-79;41;-66;-1
-55;-62;63;-27;4;-92
-55;21;-82;-59;-65;-94
96;-74;-26;99;-78;-44
-21;-44;-57;-59;-3;60
-47;-49;83;-99;88;-2
93;61;30;47;79;23
68;16;34;-86;98;87
38;77;-95;76;-5;20
-13;64;-64;-94;-44;26
-14;-12;-51;25;-62;96
-55;-15;-4;-37;99;-60
-51;62;-57;32;-16;52
38;98;44;51;-15;1
-12;-4;-92;85;27;-2
7;17;82;88;79;-56
27;-99;1;23;83;-24
18;12;88;18;-5;63
83;64;-22;-4;-66;85
49;43;-27;-36;24;-89
-73;-18;-44;-37;-1;17
40;15;-14;-90;53;-23
75;40;-96;-71;48;49
51;26;-79;61;27;-12
-6;-48;57;37;95;-30
-52;11;-5;-92;75;29
-73;71;-86;76;4;-75
40;-32;72;82;8;80
-91;-2;-21;52;-35;-86
78;72;67;-68;-99;20
66;-57;-74;-98;-81;10
52;33;16;0;-66;-65
14;-63;48;-43;1;90
66;54;75;-58;41;30
3;79;99;31;-56;-74
44;52;92;-98;30;-82
98;-57;26;76;75;-23
-89;72;85;13;55;-41
-61;-21;55;-37;-83;99
75;14;75;-78;24;-27
35;84;-29;-49;-90;-100
82;78;-90;-86;-100;-32
38;-8;-33;89;-81;-84
66;-41;22;8;98;100
51;-30;11;98;20;-63
-99;-95;62;39;75;-65
27;-3;76;-67;42;54
53;98;-36;-34;-100;-44
-25;2;-3;-30;99;18
34;55;98;3;-4;79
31;49;95;86;94;46
-55;-14;-18;23;26;44
-52;70;-22;83;-29;10
19;-20;-56;-27;34;-47
-58;-42;-85;-42;44;-63
-63;8;47;59;-31;84
42;-79;39;75;46;91
92;95;-56;24;-20;-92
75;-67;8;26;-72;-81
-17;7;42;32;-92;39
38;-50;-82;-31;53;0
89;89;0;-89;66;34
32;-15;-34;60;28;-11
-42;-83;-24;-11;-15;99
52;34;-10;93;-25;17
-99;-30;-60;85;79;-46
-35;95;-92;22;-68;-89
-93;-31;29;71;93;21
70;-27;-55;-30;45;-78
69;13;-8;-32;-12;-89
-53;-97;-7;81;28;-13
-35;2;-61;-84;3;-31
54;87;25;82;-58;-87
45;66;-41;33;-60;30
-84;93;-72;22;60;79
91;-35;-60;-92;95;-14
94;95;20;-74;-70;5
63;-66;-74;-23;-92;-92
-68;64;-48;76;10;-44
32;33;10;32;-97;44
-3;-53;-66;-37;-26;-36
8;56;14;-24;16;24
-9;35;-57;20;25;96
-21;39;47;-80;-68;-15
-82;55;60;39;5;40
54;-96;77;-17;-83;-18
-53;88;18;8;58;-60
20;-25;-9;-20;-57;-32
67;-26;-24;-45;-55;-62
34;25;12;19;-33;64
84;-26;-82;31;36;-37
-52;53;32;36;97;78
-19;-39;10;-33;61;-50
-25;88;-65;-100;-26;17
-21;-90;-100;54;86;-35
28;-21;-97;-80;60;-37
35;35;-21;-61;43;-39
-90;15;94;68;90;100
-77;-33;-31;-8;-20;84
-90;-97;-87;34;92;-45
-37;65;89;31;-85;40
-56;-70;-79;31;-5;69
18;-87;-9;-24;-22;-100
-54;-9;-100;0;-16;-19
-47;-52;-82;-36;32;-96
-49;-62;39;74;89;7
98;42;-13;-26;-40;22
21;-10;79;-46;20;-3
70;57;64;-87;-88;24
-30;-44;-36;-19;32;-20
19;43;-37;3;-60;-92
-59;53;43;7;54;-4
2;-92;82;-4;-82;-96
40;25;81;86;-43;6
-93;-45;93;-12;-8;17
-67;-82;-36;-20;-12;0
3;-66;94;-45;28;53
31;83;-30;84;41;-40
29;-70;97;66;24;-15
-5;-22;-23;71;63;64
34;76;-30;-97;-15;21
25;20;60;-63;-41;9
-64;0;-79;37;23;24
-38;87;55;-54;-76;-14
5;-28;-38;72;-59;-76
-14;64;-72;-21;-3;-97
36;67;63;17;-71;-44
-78;-4;2;98;-29;57
80;-98;17;-61;-75;-98
8;10;-37;-65;-66;80
81;-91;49;18;-1;-80
-93;90;75;-59;-38;0
57;-71;86;87;-35;-41
-42;22;54;66;40;-89
27;-51;-55;-75;-72;0
93;20;5;80;50;74
2;-21;-83;-40;-1;41
29;75;-100;-69;-10;34
-11;77;73;85;-73;-59
53;93;-22;54;-33;-100
1;-65;-97;-98;38;-85
79;6;85;-23;86;-67
23;-56;78;-5;-49;-88
9;53;64;-54;23;-83
-93;-71;63;86;-52;86
-49;25;-48;65;-75;-86
-10;-79;93;-53;80;17
7;29;-94;-35;-54;34
21;11;-4;-84;69;-15
94;53;69;24;-84;-39
-52;12;28;-58;-4;-76
-15;-14;42;73;-4;-90
-98;49;54;87;41;33
-56;9;-63;11;42;-32
-8;-55;12;79;14;68
28;84;-70;-24;-46;58
-3;-42;55;62;-88;-70
100;-49;89;76;-64;-98
90;-64;-54;37;10;-35
24;-6;-88;45;-7;54
64;-94;84;-64;-9;6
-3;71;12;40;-39;10
-90;-4;90;57;35;-78
83;-60;61;-77;26;-54
71;70;82;-83;-80;-34
-36;60;-73;45;47;67
-79;76;-94;72;85;58
-67;27;-8;63;-69;6
-72;83;-59;74;-83;-37
-77;-27;-51;-74;60;-79
63;-79;-80;-74;-38;94
-15;-21;82;-56;-51;18
-53;-62;64;81;-52;-21
-96;63;-40;37;-83;34
-10;-59;29;-78;-55;-9
99;-48;40;84;11;100
-15;31;55;-94;11;15
88;61;28;-85;-100;-8
60;-28;-74;5;-99;31
77;-39;34;80;-7;2
86;9;49;76;48;60
-46;64;84;89;-87;87
86;-21;-56;9;-57;46
99;-87;16;-55;66;-59
-24;-84;-45;6;-21;-80
-36;-71;54;-57;30;32
93;82;-15;-22;24;75
-82;94;51;-76;-30;98
-67;-34;-2;-39;-93;2
4;55;63;24;91;-61
-4;-87;-99;-1;41;-70
23;-4;-70;-9;-96;33
78;30;81;7;39;-44
48;64;-84;85;2;-60
43;82;-17;-87;-97;-77
97;-5;49;-88;-27;-18
46;-41;-30;78;43;94
4;61;-48;1;38;76
65;-54;-19;-75;-66;41
-57;-46;53;-78;59;30
56;7;-86;0;-59;77
96;98;21;-75;60;49
-87;-58;-3;99;46;-76
23;-33;68;-49;52;95
-39;-61;-35;-82;93;-84
12;98;-47;14;92;84
17;100;-69;70;60;80
58;59;-78;-34;16;-11
27;-86;42;-36;91;19
-44;35;84;0;55;2
39;-7;72;-81;29;65
31;-51;29;33;-70;-82
26;25;-44;67;-34;-45
95;-67;35;-81;79;78
29;-15;-65;-59;-57;52
-43;-3;87;-43;51;63
1;40;44;27;33;-24
0;-81;-78;-5;65;54
66;40;65;61;-92;-7
22;14;-15;85;-55;-21
9;-51;-18;-18;-21;50
83;100;10;-89;97;-89
86;80;76;81;-26;-46
52;40;-50;87;-49;-17
-64;-58;12;-24;-41;-71
-28;30;21;-97;25;10
39;32;33;-11;-13;93
-77;-100;-13;-28;-43;-15
-38;-59;11;47;43;3
27;64;-49;73;24;36
19;-45;-51;87;-30;8
-29;17;39;52;-20;45
4;26;97;-25;64;28
26;-48;-57;-16;41;18
-21;-55;42;20;88;-69
82;-78;-33;-31;-68;39
-23;-53;-45;-11;42;45
9;-35;-99;4;-26;-10
-58;-26;18;24;33;31
-3;21;-75;-46;95;8
5;5;-21;-84;-55;63
-94;98;-2;-44;4;-95
97;-53;-17;-54;56;-42
-83;-86;81;12;12;61
60;-41;48;-57;-42;60
83;53;-63;42;-14;-81
-64;-79;4;-28;25;-8
71;-81;72;12;57;-31
-4;-86;-93;46;33;-43
10;37;94;72;-89;-79
10;-92;-24;-31;-57;-26
-56;-6;-40;4;36;17
14;51;-96;-22;72;-84
33;-7;96;23;83;19
19;5;10;30;30;91
-3;-36;-6;-2;-92;92
17;57;9;74;-16;3
50;48;26;27;-99;-69
-72;25;84;-36;-10;-27
-53;72;51;43;73;26
100;10;37;-78;-66;-8
-32;-86;4;-12;16;-61
30;-51;98;56;-98;-42
57;33;-55;15;32;-62
21;86;94;-95;-95;-22
52;14;44;94;-22;-19
-1;75;99;44;47;-2
87;-70;15;-99;38;-60
38;-6;11;22;-31;-40
3;11;8;-94;66;89
72;-47;-35;-79;-41;35
45;-32;-56;68;-79;-87
-28;-62;22;-30;-5;96
-11;71;-53;-43;19;-70
-47;-54;70;-81;-15;46
-53;75;37;-6;-7;42
54;-8;69;-35;72;98
26;74;55;51;-14;-91
-89;36;42;72;-22;51
-22;-98;62;-14;90;-59
-7;-55;-40;-52;-80;-88
-88;-67;-74;-41;-85;-7
-32;58;-64;58;-91;24
-58;-21;41;100;-100;-92
-94;-95;61;-16;49;56
92;63;-74;100;-36;-73
-31;24;90;47;-66;-39
-45;-63;81;-94;-79;97
51;-80;58;72;5;92
-56;-31;7;83;-78;53
53;-15;63;-69;0;29
38;24;-80;-88;57;23
4;31;-52;-83;-11;-57
-20;-25;-22;-73;-20;64
-84;94;86;-94;100;-7
70;-66;14;80;40;1
-18;59;45;10;-94;8
45;-98;-29;-14;-56;-47
21;-44;-57;-54;79;-73
73;38;24;-46;-3;-22
35;-49;62;-74;-98;-2
-17;33;-87;-28;-36;81
37;-78;80;67;42;-73
-60;19;75;-70;-39;12
-20;-12;60;35;15;71
27;-45;-40;-47;-52;-97
55;65;-38;55;19;66
41;43;-7;-42;69;-42
7;-36;-51;31;34;100
58;-78;-61;49;5;33
-94;-10;20;-67;25;-44
-83;97;90;-5;77;55
7;72;74;-58;-53;1
-74;68;-33;53;27;51
-37;-52;15;5;-99;3
42;-81;10;59;31;-41
56;-17;96;48;-80;-67
71;-15;49;-19;-71;6
0;-89;-75;-10;-80;-88
-23;26;96;-21;-6;100
0;-79;50;-97;-24;73
49;-40;-43;54;-10;96
-15;-11;12;-89;80;26
59;33;-60;-44;-8;-68
-99;15;81;32;75;97
70;26;-3;-17;21;87
-49;-1;60;87;53;63
-41;-49;-23;-52;9;99
74;95;-2;86;-5;11
63;18;-98;-81;-73;-30
72;-61;50;-57;-55;-2
51;39;43;-14;-97;40
47;59;87;-40;87;-58
1;-52;-18;-67;23;-9
87;-96;-26;19;-32;-67
41;68;25;-38;96;92
26;37;8;68;-16;-22
71;-98;53;-66;8;-11
57;39;-12;-18;96;-9
73;0;95;89;8;-79
-50;-13;-7;88;22;-76
63;35;3;60;46;65
-30;5;21;92;78;-90
-52;-66;-45;94;-35;-84
8;-18;-48;28;57;35
57;84;90;-22;-35;80
-90;-31;2;90;-93;-19
-38;-24;-61;-37;-9;-10
46;-60;-28;96;36;92
46;72;-100;78;0;-9
56;-26;67;-94;73;-98
-5;-87;62;-55;87;-16
82;43;-14;74;95;95
-27;-86;-82;-97;66;-10
3;-8;-57;-34;52;-57
16;-69;-62;55;8;-98
-26;14;-75;36;-40;-6
-28;-27;87;91;-58;59
14;-23;-27;63;-92;-61
15;51;91;-53;-58;-9
-33;-56;66;78;-75;-63
38;-61;-77;26;-65;-4
65;60;-91;71;7;-92
-6;-29;-56;93;-70;-23
-45;7;-38;44;91;76
47;10;-12;47;-91;-2
65;70;-86;-7;81;-55
-43;-91;-20;64;-50;27
35;-59;-77;-53;93;-28
-43;-96;-44;-92;29;-49
19;100;63;14;53;93
58;87;98;-29;59;37
11;43;-26;98;89;24
-62;-62;50;-79;-70;-71
17;88;80;15;-81;36
30;-14;1;-59;-83;-2
-8;47;83;88;86;-54
28;-90;59;-85;-62;16
-61;58;-47;-39;79;40
87;-12;-54;-90;37;50
5;90;90;37;-45;-26
19;10;13;-24;36;87
-41;81;51;-21;-38;97
-24;9;-96;12;41;-9
-7;-37;-29;15;-74;-41
47;-73;8;42;17;71
-95;-81;-87;-67;-60;76
21;-28;78;90;-59;32
62;14;-19;-25;17;60
71;45;-87;-36;-10;34
79;18;-2;-2;-11;-66
80;-82;16;14;30;26
-91;84;-22;55;-1;37
85;-32;18;-95;-78;29
-43;-2;62;73;-55;-43
-64;-14;-10;-37;11;19
32;-22;84;79;-21;-40
58;27;23;47;17;-19
-4;27;-95;86;85;18
-6;-71;12;16;14;74
-56;77;48;-34;83;-22
11;-12;83;-93;87;41
-47;76;-89;59;63;-75
-77;4;-49;-33;51;51
72;-55;49;1;23;98
-58;18;60;33;85;63
61;79;52;-25;-46;0
35;74;38;39;20;64
76;-85;-100;-55;95;43
92;12;-77;70;50;45
-1;15;18;-86;-52;-42
-55;-11;45;-59;-76;38
50;-79;66;-68;-16;-63
16;28;-13;60;-10;24
-68;9;30;-69;-86;-64
8;-56;-73;19;19;37
28;-58;57;-7;85;-47
-82;22;16;-42;-43;-53
20;-6;82;-11;71;34
-56;-21;-14;-1;-57;-92
-11;-17;12;-70;-66;42
1;-76;97;-80;24;51
20;-65;-99;-65;-85;-14
-40;-45;27;54;53;-52
-3;15;-12;10;-11;-6
-37;-97;49;31;-78;75
-90;91;14;42;7;-54
68;57;33;-12;67;50
24;-46;-35;86;74;-11
48;-97;-56;9;50;-80
12;-98;-93;64;-9;-1
-9;-26;-29;25;-50;71
28;-31;75;-94;17;69
-50;38;9;96;-82;-66
39;-28;-68;28;38;88
83;-27;-49;1;-30;36
-98;-34;-76;-32;-24;44
64;81;-67;7;-52;46
70;23;-88;-47;82;44
70;-1;88;-10;12;-4
52;40;12;90;92;91
-39;-84;-57;-69;-40;9
69;-80;-36;58;-43;37
86;0;90;45;-100;-2
87;-24;55;64;-57;98
21;37;36;-7;11;40
94;0;-29;26;61;-99
-11;-10;43;-24;69;81
-73;57;-4;-78;2;15
66;-27;-56;43;84;-38
-6;10;-97;-6;61;12
-36;-28;60;80;53;26
90;-58;-85;-85;44;11
4;9;32;-54;-16;-79
-10;66;-85;-33;16;8
-11;80;-53;58;46;1
95;-57;31;70;19;-16
-66;100;-89;87;-11;12
5;12;-78;28;96;-78
-80;9;9;-33;53;18
18;-67;-79;74;-92;-24
99;-22;61;-73;-22;-48
66;-99;53;-26;52;-63
-35;-78;23;84;-4;51
-39;-46;44;-5;-64;67
52;-31;-26;-84;7;29
75;24;13;-90;30;-20
5;-98;76;19;74;-91
28;79;-21;-4;39;-24
97;53;-30;50;50;-34
-79;46;37;48;50;6
-63;-76;-87;-61;-85;18
23;-42;70;-3;15;43
-52;-78;-81;-93;-37;90
66;51;82;-60;-37;79
-46;83;63;-91;-25;-33
72;-92;-27;35;97;-75
-72;87;-60;-25;-36;-38
-73;-91;-57;79;81;71
-74;78;-56;-88;48;6
97;93;-16;-15;-22;53
62;7;95;-8;92;-78
81;47;62;95;-78;-3
70;-52;70;40;35;98
-28;87;-72;51;-5;-84
67;-41;-2;-73;22;-92
43;-74;-42;87;24;78
29;-33;74;89;81;-7
40;-68;14;-87;-56;57
85;-60;-80;-36;-100;-19
-90;-23;57;-73;10;67
40;-33;-43;-83;87;23
-80;-98;-13;-53;-26;61
-37;100;89;-92;63;-40
-2;-91;38;-52;69;6
-26;-50;56;97;-74;31
-15;-35;-66;-85;-41;-37
78;26;88;74;-4;-39
-34;96;62;46;-62;40
-2;12;-36;-96;-84;38
-2;-6;-16;-3;91;48
43;-7;-21;90;-9;-9
-19;85;58;14;80;64
4;76;12;-92;-95;90
-86;-73;63;-47;99;46
-11;-24;-26;-36;66;-7
-73;-22;59;83;8;-74
-9;85;-84;-77;8;39
62;-64;-19;-71;-70;-43
50;-21;14;60;-89;-70
12;-70;-19;-13;64;93
-6;27;-37;3;-12;-37
-32;-92;-6;54;-27;97
-8;-39;-16;-44;-1;73
-28;1;95;0;-53;-98
-35;-53;5;-37;52;-97
85;67;54;-49;1;-59
-22;6;32;83;85;-49
-25;12;48;-19;-5;-42
-44;-43;-66;-30;-41;62
-10;-43;28;61;-30;64
55;-74;54;12;-59;85
34;83;81;36;-37;14
-34;-54;-21;53;52;7
-36;-33;100;50;95;-15
97;-6;40;22;68;-59
-58;-64;-12;-73;1;-93
-61;77;1;76;-51;4
18;-53;12;91;-22;19
50;-41;7;56;79;27
93;-75;77;8;-17;-100
81;-53;62;-93;-43;51
0;84;-30;-41;-20;-85
92;12;29;48;-60;7
-1;-12;86;-32;41;58
-48;81;94;54;22;57
42;-26;-73;-42;-30;32
-98;-60;80;-88;19;-62
-65;-34;-14;-43;10;7
33;45;-53;-63;68;-23
54;-46;80;26;-23;-48
-64;38;-92;62;-41;95
-91;76;28;-63;47;-63
96;58;-53;-74;97;96
51;87;53;-20;68;-82
2;-85;-34;-28;2;-57
48;39;58;-75;74;91
47;16;-49;-16;-27;0
-68;-70;-57;94;58;-86
71;49;11;-62;-99;94
1;69;-3;42;-85;-62
-73;-67;-56;-89;32;-77
54;-40;47;44;40;45
-59;-6;-49;-26;12;40
-44;24;-96;-67;-24;-18
72;-53;94;97;31;79
58;-99;32;-33;-39;-84
97;85;-30;39;52;69
-64;-94;-1;56;59;32
88;42;-28;-73;-67;-88
25;-64;55;-33;-3;-10
11;22;21;68;23;-74
29;-35;-21;48;0;-98
87;97;-37;-77;-48;15
-8;51;48;-7;42;50
20;21;48;-53;9;-92
18;36;-61;72;-85;73
80;-85;-68;53;91;50
-69;75;14;47;-33;65
-100;-19;92;70;-44;-57
8;-43;55;-75;3;-60
83;-19;-1;89;91;-6
-41;65;-96;-66;89;-80
-5;33;87;-27;-29;-43
97;90;-62;33;62;-3
-94;-5;36;-85;15;-3
-9;80;71;34;92;-58
12;-25;23;2;51;-8
50;-63;93;-73;-70;31
13;-11;-96;-2;-60;-35
-75;75;-35;-53;-77;45
-24;7;87;87;-75;84
41;60;29;-48;48;-59
-91;-60;68;-85;-100;98
69;91;77;-46;28;62
-48;24;79;-76;-25;94
-88;-41;-31;3;-38;74
-80;83;26;-53;10;91
-5;96;-84;-20;-42;6
66;-4;-65;20;23;-65
44;21;-3;71;-22;-67
-15;79;-44;-4;58;71
-99;-57;38;-22;46;-17
18;87;33;80;79;18
-91;65;15;-69;84;81
-86;15;78;-53;67;-40
39;44;-18;13;83;22
57;-57;19;52;11;-38
-59;39;34;74;60;9
78;-77;16;-33;-15;93
12;92;94;-64;-58;10
-73;-42;-51;-99;100;-35
-72;-91;4;6;-70;53
40;78;-56;-82;85;10
-28;-24;-61;58;-82;-68
-59;9;-78;-10;95;32
-68;-82;-43;-43;23;95
-86;-26;34;99;84;66
31;-7;18;-23;15;52
16;-87;51;-88;61;-41
-45;59;58;-58;-93;-71
-64;-83;-25;7;88;-20
49;-21;45;-56;-86;16
-47;-58;29;-21;-32;32
-83;59;74;-11;16;-30
-91;-49;-87;-99;-63;-12
-63;7;-36;-96;-64;-44
-56;18;-28;-21;-88;100
75;-45;-40;-17;100;74
-75;96;59;83;-18;-5
-74;72;-1;-66;-95;95
-23;-77;94;-60;62;-29
-7;44;65;-90;-58;9
62;56;-7;-86;24;-65
87;-29;43;66;50;83
32;-98;-19;32;93;-80
26;-19;-11;73;42;76
49;-73;54;-21;92;35
-30;77;-22;-48;79;-16
58;11;3;15;31;-49
-88;-83;-87;-60;46;-76
33;-51;67;81;-23;-21
95;-71;-51;34;-11;60
-96;-33;-79;69;-17;75
20;100;1;44;91;-95
38;20;17;-90;80;92
-16;82;-59;-56;-38;75
32;-56;-33;-2;87;84
-38;94;-84;43;12;36
50;-62;-97;51;-6;23
-87;67;-82;88;70;-47
29;-23;-11;-71;50;-51
-13;-95;-23;-35;79;-25
-76;22;-7;86;90;-97
66;-32;13;6;-58;25
34;32;-4;24;-35;-61
43;30;-84;66;-11;-62
90;-12;-64;30;-50;28
4;83;-36;-84;-28;97
89;-41;49;-29;58;-33
96;53;-11;49;91;-4
68;74;-25;-54;88;21
-51;9;-93;-61;-39;-12
-54;21;-44;-22;-4;5
-74;56;-65;-17;-14;94
-65;38;89;4;31;-3
-2;28;-49;-83;-84;-16
-30;62;4;38;79;96
52;-95;98;9;-47;-3
15;88;-82;9;-76;100
58;-16;-26;45;92;50
89;-34;-14;-27;-32;37
-30;60;71;-98;-72;-34
-91;24;-62;72;14;53
53;55;9;84;69;54
-76;47;11;-52;85;28
-91;4;47;9;-17;17
-77;-5;87;90;-6;100
-98;43;53;-7;-74;-78
16;-73;19;66;34;-85
94;37;35;-32;-3;10
-48;72;-12;-74;83;-74
69;23;61;-80;86;7
-5;-99;7;-44;75;-80
-50;48;78;-20;-84;13
49;-30;-81;81;43;7
74;69;38;-95;95;81
-17;81;26;19;-18;-74
36;25;46;-94;-4;47
4;-93;-7;-35;-95;-40
92;42;-15;-27;35;-49
9;58;-70;66;-71;-81
51;-83;87;-80;50;-93
-94;-1;85;-39;-48;56
-92;44;48;-46;-10;49
-41;83;2;27;-22;-62
-91;-64;99;56;-31;-25
-70;80;-65;-51;18;-41
94;-79;-33;-90;52;6
67;46;-27;17;7;65
-19;-19;-54;49;71;-72
49;-64;-67;-50;-9;38
4;-15;-54;87;74;-95
-44;-33;-22;-16;-48;-98
-52;53;84;-60;-36;-58
90;-62;-40;52;56;-8
35;81;-3;47;-10;24
-79;-27;-23;53;61;58
56;-63;44;65;95;-93
15;-39;-38;-86;12;9
19;-10;2;-81;94;-41
-51;94;50;-65;77;71
45;26;-92;56;-89;78
-44;-5;89;-16;47;78
-43;-80;13;42;-82;58
-48;-38;-67;-90;-40;-28
-92;-37;45;67;42;33
82;-16;33;-59;47;56
66;-26;-94;-81;74;54
-43;-70;-29;65;-68;9
-48;-41;87;-56;32;12
87;76;-28;49;-29;68
-89;40;-93;60;-66;-93
-67;66;50;-80;33;39
50;-3;38;45;95;-6
52;46;59;78;19;-22
-62;19;1;78;78;12
-64;89;69;49;96;-36
90;-11;76;79;-71;77
26;-89;-8;-70;-54;90
-3;59;6;65;97;-29
-16;-68;-15;68;-18;82
11;81;77;48;-54;20
-8;-39;-63;50;51;-19
-10;91;-1;-12;-31;0
9;-84;-97;12;24;-76
-43;-99;-77;82;-25;49
97;-41;39;-73;6;-38
-14;-8;28;12;-98;-100
25;-88;-54;-43;-14;-33
78;-11;66;-1;66;-75
49;74;50;59;-23;-66
30;43;-39;7;23;-54
67;-71;16;7;-15;-94
-52;26;-72;94;-13;-67
100;89;46;4;94;93
-13;44;-65;-62;60;-86
90;-42;15;86;-36;-22
-24;-12;50;40;-50;-44
17;-64;23;-47;-77;-87
26;55;-2;-19;38;-17
-51;43;19;82;10;-62
75;-89;59;90;-36;23
-55;-16;-9;80;17;82
-94;-74;52;-42;-25;17
65;-89;-26;-49;33;28
93;-64;-29;64;-9;44
30;-57;93;-3;20;-76
24;-95;-17;22;51;80
66;-65;-37;42;68;92
76;-6;-79;89;-69;-24
-36;-84;76;-41;-47;75
-53;92;29;32;-19;-23
27;-28;97;3;-47;-77
-29;69;-43;-51;-50;-66
56;26;19;-60;-83;-31
-14;-62;-84;-90;39;-16
-58;-7;-6;51;7;59
23;-7;59;6;-14;58
-16;66;-76;79;-70;-4
-35;53;-60;-13;-50;-66
-73;0;1;10;53;31
-75;1;66;58;30;-11
55;40;15;-32;-23;47
37;93;-84;10;-25;-1
-13;91;64;11;-9;-42
54;85;70;-41;51;-35
38;28;-28;26;-74;49
-30;-47;71;66;61;-20
-72;-16;-6;-16;-20;-20
46;9;-24;-49;-24;4
-20;-47;62;-79;86;-57
28;-19;84;-23;-54;-51
-74;95;41;41;-23;8
57;-97;60;30;74;73
86;-68;95;-81;86;59
88;10;6;62;67;11
50;80;-24;-45;77;-24
-83;32;86;-47;-96;45
20;-26;96;16;-99;18
-67;-80;39;46;5;71
16;7;49;86;-29;-47
-58;-33;95;-53;-99;-37
-76;68;-43;-43;92;-81
-80;40;50;32;-50;100
7;72;71;2;18;-79
99;4;-11;-80;-62;-67
9;57;62;60;-18;-2
-1;-16;-12;61;-30;-42
2;-63;-65;2;95;-87
95;99;29;-49;36;-15
-76;53;7;-75;-57;-57
67;-81;33;-6;67;-93
-25;-72;-83;-57;-37;-92
-81;-3;-71;-75;77;-80
44;-96;-2;96;-11;-74
74;15;10;-20;27;-83
72;-91;-21;92;-38;35
76;-19;17;13;-80;1
-34;47;-24;81;68;-16
35;-39;75;-93;-90;-67
5;0;-57;-53;75;62
-15;-83;-3;60;-12;13
-78;-77;-72;-7;-47;-88
82;-61;37;9;-71;40
-17;-36;-43;-70;42;86
82;96;-7;-51;54;35
-8;65;81;82;8;-50
-81;100;-30;23;-78;-35
-86;85;-25;-44;15;47
95;-100;40;6;-37;-65
-55;-30;4;72;-2;65
-39;-27;61;34;-40;-96
6;-76;6;-95;10;-85
70;-45;4;41;-93;41
16;-84;25;-47;21;50
-23;-60;77;41;72;-36
-14;-96;38;-65;67;-42
-34;26;93;59;-71;54
-100;15;76;-12;-66;76
-26;-56;54;25;50;-89
4;19;-75;-21;-62;-93
-16;-6;16;-11;13;-18
18;60;74;25;-5;-18
38;10;-3;-81;18;-11
-92;75;-38;13;86;100
-75;-10;-100;34;-34;51
-41;-98;-87;89;61;-32
72;-33;1;44;72;2
13;20;-19;62;44;27
64;14;79;-14;98;55
-82;27;-70;17;-63;-36
28;-54;-27;32;-95;64
-49;12;43;28;-24;-76
73;64;53;-68;-40;-15
-20;84;76;-24;-71;95
-5;-89;-85;71;-59;-75
5;11;15;36;-78;-20
54;-91;88;84;4;-79
-25;21;25;19;36;-61
43;43;97;95;30;-7
-100;34;-93;15;32;100
-93;85;-36;-16;-70;52
-67;13;-90;-55;-58;29
89;-100;100;-54;19;61
29;-99;-80;-16;16;32
-17;-96;-63;54;-4;-17
-27;45;13;-64;-70;36
-84;81;-23;-90;-97;-19
-60;56;77;-92;-93;55
-2;-82;-87;74;-94;33
-37;98;98;-25;27;-29
62;-82;99;22;61;60
-18;-6;-29;-69;27;78
-3;-94;-83;-82;-57;-11
50;86;-23;11;18;-95
-45;-12;76;-53;88;-58
-37;-59;-90;-5;15;96
21;-57;4;32;-99;-77
87;-49;-30;51;15;-16
29;64;64;-10;-7;16
-78;6;-44;20;-72;32
-53;59;17;43;8;-6
7;-58;-25;-45;-94;84
14;39;-5;-47;94;93
-71;12;68;42;9;11
42;-27;-60;-98;15;17
-55;-5;33;-17;-78;-69
76;-92;31;61;-61;81
-57;82;72;17;28;-11
-52;80;-63;-79;70;-43
-6;28;90;-89;35;-57
19;67;-18;69;66;-35
94;-40;-25;42;-98;24
-20;-71;10;-86;51;36
-91;-27;-86;-85;-2;93
-64;-98;-42;27;-1;94
70;-75;25;28;-53;47
-82;-36;-92;-10;-15;40
-42;12;76;-47;58;52
48;13;-30;-35;12;-24
71;38;23;95;-72;-66
-85;-81;43;35;5;-16
-33;12;36;47;-69;-66
87;-75;-78;42;80;100
68;-77;-49;93;23;-29
-83;-43;50;-77;-34;4
-78;-57;-94;-70;42;-18
-29;-25;6;26;-70;-79
-83;-12;51;-17;11;-60
-75;28;67;-3;0;-82
-64;-5;-38;78;-94;-24
77;32;23;92;-1;8
-16;91;-57;-52;-67;31
-5;-26;84;-100;35;-81
-74;-23;65;-3;82;48
-7;-84;-2;-20;57;61
22;35;-11;-69;35;92
-13;66;16;35;-1;12
-26;54;85;43;-32;-49
-95;-46;-56;8;0;-14
86;-99;5;-8;-22;-25
99;99;45;26;94;94
-69;68;-37;19;-33;-98
-26;68;-99;-96;26;-84
-19;-7;100;46;84;-85
2;-74;-58;83;-15;-7
-34;-89;-39;31;-96;-24
46;-13;83;-26;70;90
10;33;42;-5;90;62
90;-45;-27;86;68;40
18;69;82;16;-26;9
92;-85;34;64;-60;-57
57;-18;-90;-1;85;-87
89;56;67;-17;-39;42
-92;-80;12;-35;89;-43
-69;5;-71;-40;72;41
19;-25;48;19;-91;78
-36;-18;-62;21;-13;68
-34;-29;-53;-46;86;43
21;92;15;51;89;100
-11;57;17;33;-52;2
18;28;48;32;21;63
55;-57;-48;-60;78;22
-52;-59;-76;29;-47;75
-80;94;-32;-17;68;-52
-9;-86;-49;-72;-76;-25
42;-16;-98;-59;85;-92
-61;12;-36;31;62;-68
3;79;49;-67;41;46
33;-2;59;47;-62;-79
23;-51;58;16;-97;38
-57;40;-54;-29;-5;-8
48;-76;-43;20;98;55
-24;7;-32;-36;85;16
25;-78;76;-28;0;-94
14;-98;-38;-74;76;-88
90;2;-72;85;-70;3
89;21;93;1;-33;17
83;59;-6;13;51;-23
71;69;-89;-37;-12;14
8;3;-36;-18;83;-72
-51;-82;-5;-25;-14;-24
83;-16;-30;-69;-49;-12
-99;60;-5;-43;-14;25
-75;-97;-96;75;-16;56
-83;89;-89;14;1;47
-46;25;18;91;76;-66
-20;-44;-9;24;-48;-47
79;11;19;-75;-34;-50
44;-53;54;53;-67;80
-43;-5;38;15;55;-25
55;44;-10;-1;-33;-4
15;-88;-86;84;58;61
100;71;55;51;-54;-56
71;18;-27;30;38;-4
-18;100;90;6;4;27
73;-20;-60;54;73;41
-93;61;43;-18;-18;-16
58;69;31;-37;75;14
-5;46;-33;14;60;-40
-28;40;-43;22;-4;31
-27;-94;27;49;35;-14
-92;40;-56;94;70;91
-26;1;-55;-8;-72;31
2;78;-24;-74;-53;-15
-11;61;-24;-18;-36;59
-58;-5;24;45;82;-52
94;-54;3;52;46;-2
-91;85;-12;92;-35;36
-97;-32;-79;11;-48;45
40;-43;39;26;35;44
48;-3;70;-10;-83;-23
64;4;-32;9;30;97
22;-1;-62;30;-52;0
-94;-72;14;-45;-20;81
66;14;26;-9;-40;22
-16;77;-75;32;64;-82
50;-9;-72;-31;82;18
35;72;55;-38;34;-84
-59;-66;13;48;2;-14
28;-71;83;-41;25;53
-53;11;-9;18;-69;59
38;98;-2;79;-61;-98
54;-57;73;-27;-98;-82
-93;-48;-64;20;62;76
10;-18;-57;70;4;-45
-42;10;2;29;-25;-17
-23;-19;40;85;5;-81
23;71;-55;-38;60;-65
75;-76;27;77;76;-53
-27;43;-84;-70;41;24
96;-39;95;-77;91;-71
31;-15;89;40;9;-22
83;-72;-24;99;-8;23
38;66;-7;-88;98;93
-98;97;55;-96;30;12
-34;15;-1;-35;-50;-87
79;91;-10;-38;8;27
87;12;9;-72;-91;83
49;34;-60;31;-52;35
92;72;94;10;-33;-69
-34;47;-64;95;55;-44
-56;5;90;93;-55;1
-71;71;9;20;20;-65
23;53;91;-49;76;45
-65;80;11;83;6;69
72;7;-63;4;76;-40
-41;-10;71;82;-44;-46
-99;92;-84;72;8;28
88;-94;14;-24;60;-21
64;-91;-18;-57;-5;85
26;-97;-40;-6;46;23
90;-66;-11;85;-29;-65
93;26;-16;100;58;-50
-9;13;65;97;12;-15
83;-25;10;-84;-25;-100
23;58;83;11;71;-4
8;-41;100;-58;-60;57
-87;28;-16;-90;-61;36
70;92;-81;47;-26;47
85;-84;-46;69;52;33
-40;-63;-46;-83;96;-2
-16;86;-42;76;46;-49
67;-63;-3;13;75;71
-20;5;-86;84;-87;54
-10;38;-13;-81;95;68
23;98;80;48;-80;38
46;95;48;-52;96;15
-63;92;88;-17;29;59
-76;-7;70;18;-53;-28
86;-19;80;14;54;-60
73;96;-64;62;-78;76
63;-94;-27;-66;79;77
-61;39;-5;-98;-65;43
87;60;-76;26;-31;-25
-65;-23;36;63;-79;53
46;23;29;-17;-8;32
-36;15;72;39;-96;-63
-13;7;72;52;35;-16
-67;57;61;41;-85;-81
-43;77;-84;46;63;40
-41;-61;29;51;81;60
92;55;-5;42;14;13
79;10;-78;19;-37;23
64;20;12;31;44;75
-8;97;-7;50;15;-82
7;-88;46;88;7;36
75;15;-52;97;-52;10
-16;34;-48;92;-39;-71
-95;-100;53;-38;39;11
3;-66;64;13;-69;-39
-18;2;80;-56;50;35
89;-64;-54;-14;54;30
-48;-23;42;77;72;-96
14;-49;-46;28;-64;71
-21;49;62;-60;-79;-76
26;-89;66;-83;35;-9
13;29;45;-81;-34;-35
-28;-95;48;56;-100;-100
92;-63;47;69;63;-37
-45;-22;-56;77;-3;-51
39;9;96;-46;90;3
75;57;5;-82;96;81
-17;17;-61;67;-32;14
-11;-87;-8;-18;-52;24
-88;14;-97;68;-53;14
-67;-53;6;-29;-85;-47
95;86;-18;-60;33;-34
-50;-94;-29;58;-63;-96
-54;94;-49;28;43;-36
-87;-40;-38;-80;-32;40
-57;26;33;76;70;-43
95;-82;-24;-79;98;94
40;40;70;-81;-30;-66
-72;29;-83;-86;8;-1
34;-46;21;80;-92;16
-34;-34;-55;-15;-75;-84
70;-96;-36;-65;98;58
-44;85;-63;-65;-49;42
-37;42;-19;40;42;-58
42;74;96;-66;-72;10
39;-65;21;83;-70;28
-89;-94;-87;76;-83;85
-61;45;59;59;97;100
-66;-55;84;36;31;-49
-48;9;-51;-83;-38;8
-74;60;6;63;-1;-71
-30;24;52;-54;-68;53
35;100;32;-75;7;38
75;51;-44;84;-88;27
-25;-92;24;57;-99;-39
-99;71;89;-76;26;-9
60;45;-88;-10;54;31
77;-22;58;29;73;83
10;72;17;16;4;-52
63;88;77;29;-84;97
-20;-58;-74;-64;-8;13
20;-3;77;73;11;91
97;-78;-83;-9;-11;-55
62;-73;63;-1;50;5
-38;-29;76;27;-49;-94
-52;-67;-69;46;-13;99
49;-71;-1;-62;-90;75
58;52;56;78;90;24
25;14;23;59;36;-74
20;13;61;-14;-23;29
66;30;29;-11;-24;-97
83;-1;7;-1;35;16
27;100;-71;41;95;-60
68;-54;-62;83;97;6
74;74;-94;-51;-44;75
93;10;31;89;-9;62
-83;-65;37;68;-16;9
87;-41;4;82;-59;-65
-6;-57;-79;60;-24;87
-87;25;-46;-66;-99;-75
-66;-3;56;-50;-37;20
-78;-31;89;-89;86;-62
-32;69;-5;53;5;49
12;-38;40;8;-51;-89
-55;-47;-81;-15;-68;-12
-62;44;52;32;84;8
-51;50;34;-81;-40;46
2;-4;88;-74;81;-88
-35;-20;-36;76;-1;-1
-99;52;-79;-99;-68;-73
75;-100;-44;72;65;89
-8;-85;15;27;12;12
-20;-66;37;-20;45;79
-47;-27;-92;-36;-5;24
-63;-14;56;65;31;-87
-36;-27;90;54;50;-77
64;39;-65;-3;-66;-15
-13;-54;-79;-53;-5;-79
90;-22;-36;-16;65;55
-96;54;-90;93;70;-9
-28;-71;-99;41;-72;-100
80;-41;84;-14;34;-71
-85;29;-6;-15;67;-11
72;13;-48;-75;30;-26
62;9;99;59;-29;-80
-11;-96;25;30;-43;-47
26;31;-79;92;-90;-41
-70;16;-96;-15;83;48
-56;71;-67;79;23;-71
31;-80;34;-70;80;58
-13;71;34;-38;57;84
-30;22;-13;-76;86;-87
-41;-55;98;26;61;-37
36;75;-27;47;-70;25
80;51;50;-28;92;71
8;40;99;9;-29;40
90;47;93;49;-6;27
-51;56;66;-55;72;-37
-20;64;-42;40;96;93
-14;-13;-96;-50;85;-1
-27;-26;65;-90;6;35
-35;6;86;-45;16;-97
-37;-32;-60;-97;-53;93
5;71;79;81;-23;-21
-22;21;-97;-53;66;-5
-31;-99;-8;-81;78;-65
-97;38;-15;-71;71;-68
-30;-68;-62;-80;-57;88
62;51;18;46;-42;-18
1;-27;-27;42;78;62
83;45;26;27;84;-16
-33;-97;-55;-61;-5;12
-24;-85;65;-94;60;-23
86;-99;-56;70;70;-35
9;47;-89;-95;-1;-11
81;89;43;-46;-86;100
-74;-28;84;45;-28;90
-89;9;96;-72;62;-11
12;-9;77;26;-62;-12
-53;-29;-85;42;-70;42
-39;32;-50;19;-4;92
-36;-77;-42;-41;3;28
75;22;-4;-1;-21;28
-68;-71;-100;81;53;-87
64;-63;50;30;-89;58
-22;-31;7;-22;-63;22
14;-54;-70;-57;86;-15
-45;58;81;50;10;87
-44;-34;-73;-23;-59;-61
-97;57;74;56;22;-99
-31;98;90;40;14;-45
-15;-62;81;32;69;-58
-90;54;29;-10;51;-89
10;-8;-60;85;27;-51
-99;-38;-85;-20;90;95
-70;-16;52;4;83;-71
46;-54;71;-37;-42;-30
96;-73;68;-35;-76;-14
-84;-1;23;78;57;42
98;18;-7;69;-43;8
29;86;-63;25;-3;-3
24;26;-80;-75;-17;-17
-60;68;61;56;12;-96
1;-62;79;42;-41;-76
-15;-86;-5;-24;14;-34
-66;98;19;99;-91;-84
3;6;90;-100;80;15
-3;15;29;-34;51;32
-67;59;-47;-65;-90;58
-48;7;38;-65;-96;34
-88;67;-94;82;-87;76
-48;45;80;25;23;0
98;-85;-88;5;10;49
79;-3;33;-51;8;90
32;60;20;35;66;60
98;47;67;62;31;72
-5;61;95;-11;-1;-68
74;-55;52;8;-37;9
-60;55;-32;-2;-21;87
18;-53;-15;75;-99;-53
-99;-89;98;-55;34;59
-49;49;-19;-70;86;-97
-65;-88;-10;83;-75;-13
46;-76;-21;55;53;-82
94;37;20;-12;26;4
-74;91;-24;49;-86;91
60;57;53;-36;-34;23
33;-21;62;-26;91;2
-19;-72;-88;-3;-63;30
44;70;98;19;88;-40
-99;76;-8;-67;43;-78
37;90;-58;-78;-90;-62
20;32;6;1;-3;64
98;16;19;48;7;-58
-11;12;-6;38;-49;73
-34;-43;14;-24;16;75
32;32;-80;45;46;50
-8;88;-100;-77;-99;46
60;46;-81;-6;35;-42
8;-11;51;-57;-72;8
81;86;43;26;-26;-36
-21;29;87;-59;56;-72
71;34;18;-42;-79;20
48;-55;-35;45;7;70
-52;-49;-92;78;75;-55
55;28;-57;-47;58;99
12;-33;-55;72;-58;87
-27;9;91;65;38;-44
-86;-33;-69;-39;65;56
77;-47;-57;48;-43;-96
-80;5;-74;26;-92;19
66;50;-50;-40;-31;4
41;74;-21;57;-63;-7
-70;40;-70;90;78;-45
68;83;-46;58;91;8
60;-79;85;11;-99;20
44;-59;41;31;-42;85
-99;35;96;56;41;-26
-69;-96;-94;55;-66;11
2;-79;56;-19;-70;85
17;-86;80;100;15;-43
37;84;-23;45;-42;52
70;97;-11;86;-77;60
-87;62;52;-95;78;86
80;-62;77;-80;61;-31
29;82;-89;-64;-78;-64
-47;-20;81;85;-3;64
4;-58;-10;-4;87;16
82;82;49;64;-36;-6
50;-60;43;-76;11;68
-1;73;99;11;-25;92
8;26;-51;-69;-14;26
-21;-95;-32;-31;63;39
-91;-48;85;59;8;40
-31;-35;50;-2;-5;39
21;29;19;99;44;-36
25;91;-90;-90;-56;21
-100;79;-93;-5;86;-36
-10;21;83;-73;62;-56
-11;81;10;-15;-31;41
-60;-97;46;-71;87;62
-85;-39;25;96;-13;74
-75;-66;56;45;27;84
91;89;-51;-63;-62;92
12;-32;61;-89;7;19
1;63;-83;-60;47;-91
-90;45;-12;3;-30;4
42;76;74;51;-10;-54
-90;-29;-70;70;-95;-1
-48;92;-56;83;-51;-74
93;-60;90;-29;82;-36
-13;18;-83;74;53;-18
-18;44;-10;-36;-62;-86
57;91;-97;87;51;-79
-85;99;86;20;-7;-98
-96;-24;73;98;73;-59
3;-81;19;9;94;89
-28;2;-60;-16;87;-75
-97;-2;-93;42;69;11
-78;97;62;3;73;-26
57;71;-63;27;-21;59
0;81;-2;-87;-55;-80
-74;-59;55;46;70;42
79;36;-20;-41;-83;-72
51;-25;-4;-65;-45;4
-18;-72;49;54;-84;75
-71;-88;28;96;22;48
-89;-83;85;-22;17;-91
-19;-64;1;-52;-12;-24
60;59;3;66;-49;54
1;-91;18;-6;73;74
67;34;-75;71;-98;49
85;9;52;-81;-46;-75
37;10;48;30;-31;14
-19;-62;-47;-88;2;-29
-45;28;54;35;-27;-13
71;-9;26;99;40;-5
-71;-55;-34;0;37;-8
70;-81;20;50;-26;-8
66;10;93;53;-80;-83
94;55;-29;30;-27;66
26;-4;85;-60;63;24
7;55;46;-85;-30;-47
15;-46;34;-51;-95;39
-89;-34;50;-25;-11;85
67;-11;-64;25;11;76
-40;-23;9;14;-1;-76
27;7;27;-67;-84;-50
5;-38;34;73;24;25
-39;-76;15;-98;-16;-32
4;29;-62;-29;10;-24
-25;-23;11;-85;-25;-52
-54;16;-84;7;12;-32
-21;-79;31;-35;-8;10
-63;86;-15;-43;39;-67
95;50;17;38;76;-81
-58;57;9;-8;6;28
-25;0;-5;59;-98;-3
-47;-45;-84;26;-16;-4
-12;41;93;36;55;91
0;7;58;-45;65;-43
8;-37;2;58;-27;-46
37;-90;-5;-39;76;-21
-30;-6;-34;-19;-3;-7
16;-5;-94;78;-77;98
91;-30;-13;-91;-94;49
-11;37;-22;86;21;-10
63;-22;-71;-1;-94;79
60;97;53;-26;70;71
62;47;-57;-16;90;-84
-61;89;38;7;34;-77
42;-76;87;31;-57;-92
-61;-46;-66;54;-30;-43
100;3;52;-70;-86;28
-67;22;-51;-45;25;-11
-83;-60;-86;-20;-98;0
89;-81;-51;23;39;29
-22;-58;54;-91;52;25
-45;-84;-25;-44;-23;2
-20;-26;73;68;96;17
70;-94;12;54;40;-5
-4;-90;74;87;-86;-30
-18;-56;61;-1;24;90
-31;-84;-72;-18;97;72
45;36;-81;-4;96;98
1;-95;90;61;-77;70
-68;-20;-79;64;-40;43
24;-39;67;54;55;-72
3;4;-65;53;41;-55
67;71;-92;80;74;76
-60;-93;-29;56;10;-49
-32;-63;15;-3;-12;-19
-11;-93;91;-19;-87;38
-3;18;-88;-67;-95;-53
80;18;34;-100;27;-68
-97;-79;45;-97;-12;-60
50;-11;8;94;11;-22
-28;-89;-25;46;36;76
26;-54;-97;-45;89;95
-34;76;80;-51;46;29
-31;28;99;65;22;61
7;19;-23;51;-11;63
-58;-92;-35;-75;-25;80
-67;15;18;70;88;-91
-33;97;-4;86;32;91
-32;-92;47;-50;-64;-64
88;54;3;46;35;-15
42;11;-20;-15;57;28
35;10;-20;78;-71;-92
7;48;85;4;-45;66
-98;48;7;-29;100;26
-84;-85;-82;-8;-44;38
-62;94;37;-15;-71;-5
-67;13;-53;-70;-84;-72
-39;26;94;62;-11;-48
45;-6;-58;4;61;40
23;-65;99;-79;61;-97
-48;-66;-13;27;91;28
-51;-90;35;15;95;-22
15;88;13;42;12;-70
60;-46;-76;80;-83;-77
74;75;-69;-28;9;20
33;82;-25;30;-25;-1
76;84;97;-91;59;-65
68;50;-46;-78;-21;-63
51;50;-98;-46;-89;65
-70;84;-26;-97;56;50
-44;-37;-34;62;-41;-90
-53;-7;30;90;81;46
-95;-15;-51;33;-2;-7
85;-87;-15;72;-57;-21
63;3;42;70;92;-48
-22;74;19;-89;-53;-4
-31;-1;-69;-63;-7;-35
-79;-55;10;-57;6;-38
-90;65;49;-83;-50;-63
-61;-46;-33;-83;99;-34
82;-98;46;48;-7;-8
-24;-99;63;94;-13;69
61;-19;-50;-48;80;52
79;25;-64;-97;-90;64
-66;42;14;-75;-64;70
-49;55;-57;59;92;-38
-97;-78;92;-81;39;83
59;-94;76;45;98;-48
49;-53;-59;-5;-72;8
9;17;39;90;-88;-37
73;57;46;-45;-93;46
55;-27;-61;1;29;43
74;3;-64;23;57;2
15;22;-92;-10;40;79
43;86;56;26;83;98
-60;49;-82;90;76;4
62;-96;-63;81;83;5
47;-11;-10;36;95;-38
-46;4;-35;-50;18;77
-61;62;25;-10;30;-73
9;-1;69;-92;96;65
71;-71;97;19;28;25
-97;45;-12;97;-94;93
78;37;60;46;50;-56
-65;31;37;-7;13;97
-65;44;17;42;39;54
57;-5;-65;-82;39;-64
40;-86;15;-95;25;7
70;90;32;-79;-46;19
-57;88;-80;-55;-48;90
-74;75;-96;24;-51;36
-61;-13;43;-85;-31;82
84;-94;-77;96;-7;77
93;13;-10;-1;42;13
59;67;83;57;-63;75
84;-77;-85;-85;-87;81
-80;-38;30;-91;9;-7
-34;-51;-59;8;50;-64
-86;62;64;-8;-76;-82
6;-3;32;-61;-34;52
-95;-62;-80;-93;-64;-56
-23;-61;32;94;-7;64
-49;99;-100;1;14;-96
88;-41;83;-72;-53;52
-18;100;29;30;-16;54
57;-40;-23;75;-77;-66
70;-65;95;86;0;-82
-77;90;-25;-30;-69;61
81;-15;0;87;58;14
-43;38;3;54;-77;60
-29;87;11;26;98;99
44;39;-88;57;-88;-15
-63;-62;72;92;-13;9
-49;1;36;-96;6;75
-58;-94;64;66;93;11
73;94;89;55;6;7
88;-6;-25;-52;-93;27
10;-44;-94;-28;-6;-95
-2;-49;82;-38;-74;30
17;-79;18;-38;-61;-36
28;-20;-20;14;-29;75
81;-33;-75;88;83;-24
-49;66;18;16;-51;-25
6;-33;96;94;9;70
39;62;90;56;21;-64
49;-61;-64;66;94;-19
36;62;-24;-16;29;-62
-69;41;21;38;97;-56
40;42;48;60;41;7
11;58;90;-73;24;-89
-58;85;-94;-72;-52;-49
-24;-76;48;63;12;-94
-76;-22;-47;-60;26;-26
-92;-6;64;-55;-88;-1
8;-91;7;78;-19;-69
49;-59;44;34;93;28
56;15;-48;94;27;79
42;47;85;-22;-55;24
-47;77;96;10;-13;18
61;-22;-35;-94;55;95
89;89;-34;-90;-23;36
-100;9;-26;82;86;55
80;82;-14;-70;81;95
51;-67;-3;-14;-79;44
98;51;55;-81;-79;-59
-100;-19;-47;52;60;24
30;56;98;99;38;73
95;-35;56;18;99;17
83;56;51;71;-14;-40
-56;-3;-73;-59;-57;-70
3;21;-65;33;81;-75
-73;-49;-83;-58;29;71
-73;-9;73;-67;24;-17
-6;20;-75;-25;-27;-13
-72;6;-32;-61;23;76
-97;65;13;97;-24;81
39;76;51;83;-76;-40
91;56;35;-53;46;-57
-100;-57;-66;-75;-62;-89
-45;46;20;-100;-92;-72
-86;54;44;-57;67;84
91;64;2;35;93;-43
-96;47;83;-45;-9;21
-61;28;-14;-8;-14;-82
100;29;70;-77;88;-55
-3;-90;-60;22;-43;52
-78;-100;-49;74;-42;-68
-67;16;90;20;-32;-82
54;47;45;-38;83;82
24;-26;-87;-1;-57;-60
2;24;-73;-9;-61;-79
16;7;29;-43;6;-60
76;30;4;-97;64;-77
-76;88;74;45;-84;-64
-31;-32;-68;-43;-18;83
56;94;-31;-23;-76;47
100;20;-56;7;63;-66
55;80;-79;-49;-26;-45
15;-25;-81;44;-98;-69
7;-44;48;46;-38;-81
70;-100;83;35;31;-23
19;-13;-41;15;3;21
74;-95;-25;-40;87;83
-89;77;-24;84;-76;44
-95;-5;19;-82;-14;-42
-79;-36;70;32;-85;-52
-64;-88;47;71;-86;-59
84;-19;-76;1;-31;66
-79;-91;-71;63;-44;-96
96;-88;-65;39;59;59
-81;55;-30;-95;-66;27
-71;65;-12;-95;98;-76
94;55;-85;5;73;-29
-48;74;6;22;29;90
-51;100;-89;-41;-12;-56
-34;24;69;84;0;8
-42;-10;-20;74;-65;-5
-98;29;-53;-2;50;70
-99;-88;-42;13;-67;37
-14;20;-55;-44;-45;13
33;83;-97;45;8;-19
53;0;-53;-43;-20;-88
-17;-41;-92;-86;-24;-79
60;-86;-72;40;-73;-8
-81;7;-59;-27;-33;16
-42;21;-37;-9;-13;-46
-43;-27;93;-38;-38;54
47;-56;-34;-95;9;62
-53;-5;35;56;-92;-64
-58;-19;-60;18;-32;-82
97;49;7;25;76;70
-29;-60;93;13;-3;-77
-38;24;-68;85;-60;-7
39;12;69;-76;35;7
41;59;-16;-88;54;52
-93;-69;-51;56;-76;73
-98;15;-68;-19;93;-16
-90;76;-28;-30;-6;32
-32;-100;-23;-70;81;88
91;-26;-100;68;30;70
0;36;48;1;5;12
-51;67;-26;-55;-88;19
38;-82;-78;24;35;-47
41;49;-18;-46;-36;89
-63;-58;49;28;-85;-26
-61;86;69;-66;6;-37
-17;49;-32;-38;62;7
48;-50;-31;-81;-36;-11
-72;88;-40;-80;-27;87
83;-48;-54;55;-52;55
65;-34;-38;74;15;71
81;76;25;45;-73;62
66;-2;24;-53;-35;89
67;-29;-99;-89;32;-35
34;-91;-41;-95;96;67
-59;-74;-71;-83;5;47
51;73;-99;-49;14;-54
-26;-77;-12;-49;-25;73
-3;34;28;88;39;-74
-15;-54;-10;43;-18;25
26;-78;-65;6;4;56
23;-64;16;56;-26;61
100;-13;95;-6;-29;76
74;90;32;-49;-45;-91
-63;1;72;56;-97;77
-83;17;49;12;-99;-10
-20;-99;-84;92;-4;12
-100;7;53;12;-70;-61
78;20;-52;67;46;-36
100;98;7;-50;-49;-16
-16;38;-84;62;47;-100
56;-97;74;12;7;93
-77;-78;49;-86;-12;87
67;56;-53;-88;98;-7
-97;-44;84;7;63;-28
-18;-8;88;-18;54;87
-41;-72;33;-40;98;-12
46;-39;57;48;23;59
-56;-59;-91;-98;-95;43
60;-44;-58;-54;-51;31
84;-77;-48;-54;-54;60
57;-3;74;30;6;81
-91;56;27;-98;-66;69
17;48;100;-86;-87;33
33;65;0;58;-9;77
-2;12;-63;20;-91;-18
-41;-68;-14;68;-6;92
-14;99;44;-59;-72;9
36;51;-2;56;-53;-87
-75;-81;-20;66;57;-72
-67;-10;41;44;-10;90
-3;42;27;-64;-65;17
-92;93;-11;-8;40;-79
33;-45;73;-70;-41;8
22;-34;-10;68;64;36
28;14;33;19;17;-28
-20;-78;-71;-78;75;5
51;-48;-100;28;-83;2
73;69;-26;-17;61;-8
61;-73;-20;-72;-22;42
-33;-8;88;-51;-16;0
-83;43;-5;-99;-27;61
16;93;-56;-5;37;-40
-10;17;65;4;16;46
-48;-29;-33;60;66;-29
-56;-97;-92;-71;68;25
-47;67;23;-34;-93;35
84;-8;-45;-73;28;55
8;86;-89;5;86;82
86;-23;80;-82;-84;65
-23;-4;62;-14;-54;-80
-12;-44;44;-51;-58;-59
-86;-62;52;-72;-76;-67
61;-79;28;-34;-24;-46
-16;83;-16;54;-29;61
53;-33;84;45;84;-80
-51;14;-74;-72;-3;43
-23;0;-22;-42;-6;-68
-60;79;30;60;91;26
55;-47;-50;33;-28;-92
82;-34;-3;-85;26;-93
-96;-73;7;93;76;-28
-99;77;-34;46;-85;-51
-11;28;4;45;81;53
-47;-55;-4;93;90;57
26;87;-46;-36;-10;-23
-71;13;-1;91;46;39
-60;87;-82;69;-33;15
-62;26;11;35;-23;-19
-6;98;-52;-24;53;1
97;16;-46;-66;-52;44
82;100;-29;-39;70;-29
-93;85;-10;-53;44;41
-32;73;-96;-79;-63;-79
40;-98;96;80;-90;95
-71;47;47;47;-44;-74
-92;8;-11;-26;60;49
-61;-27;-48;-28;86;-80
-73;10;30;96;-54;-73
81;-92;89;-61;-16;85
-9;-87;17;52;-86;21
79;100;-90;-31;-100;64
6;-5;46;-77;47;-19
-17;45;-73;7;-91;7
83;-98;-51;41;65;65
-17;12;-92;29;-9;-75
8;-46;49;-67;-66;36
-50;37;8;54;64;-34
70;-65;73;50;-71;49
-74;-25;42;-5;91;-17
-38;-89;19;20;49;-58
-99;14;3;-43;21;-45
40;-27;65;-3;97;-74
-64;75;-96;-94;82;83
16;81;90;-13;15;73
-93;-47;25;89;26;97
70;29;87;22;-84;53
58;-18;-62;-32;-52;-53
-76;-43;85;-43;-82;-9
58;8;20;42;-89;-72
-25;26;33;-87;16;88
2;-68;-79;5;-23;36
-63;95;88;31;-54;32
-82;73;59;-25;70;-29
44;-81;-36;52;10;65
93;-62;66;28;-45;100
65;-84;-75;27;66;42
-75;-79;61;22;-93;89
-9;-34;-94;3;-33;-34
-95;-5;-88;-17;-95;-54
-96;51;-51;0;-15;-40
50;-30;6;57;55;62
66;-10;-74;-15;-86;1
59;15;-47;4;27;-50
-52;-92;-34;31;-77;-12
76;66;-45;-52;-75;89
-87;-71;-45;-51;57;-45
46;62;5;42;77;-96
-22;84;25;65;40;-90
-47;98;59;67;91;81
91;93;-28;78;20;-85
-1;76;17;-14;-91;67
-43;-96;-25;98;50;92
-72;-34;12;-20;-19;50
67;-58;-5;76;73;38
-89;83;31;22;-6;-55
-19;-75;-10;55;-30;-44
-26;-6;74;-82;-95;-95
45;-94;2;29;-68;57
55;-29;-10;-10;-28;-30
25;-71;-100;30;94;-39
-34;-66;23;-38;-38;-43
-87;-76;-6;48;27;29
-12;-19;-48;45;-1;-31
56;-90;-76;80;-25;9
-9;-46;-31;53;-88;78
-98;6;87;39;36;11
-82;84;-17;31;42;88
-32;-18;-5;56;51;-83
-60;8;50;-33;24;-31
1;21;-77;50;-69;-7
-84;-28;96;-14;58;-61
-95;48;39;67;73;-41
-32;-10;68;28;-92;67
3;-27;23;-32;-57;85
-85;1;68;16;80;15
61;96;-52;48;43;-19
62;-5;-15;88;-57;-5
-77;-38;-94;10;-27;100
-77;74;-51;-39;-41;-39
-66;-21;94;68;-85;86
41;-76;-64;-45;-9;64
54;25;-77;-46;-81;67
44;13;51;4;-94;-16
8;-76;64;88;-23;-46
-65;-63;31;73;55;-92
-29;-82;-44;-7;35;58
-6;61;99;89;50;70
-67;76;-9;63;91;-59
-23;-98;55;67;-54;-62
-47;97;52;50;18;23
-90;59;-39;10;-35;73
24;-48;-67;87;-87;-88
-64;65;-5;-68;-50;69
25;-12;-40;-10;44;54
-75;-96;-92;79;62;19
37;4;75;-41;71;-47
8;-63;-3;2;94;-97
-9;84;86;35;-51;-38
-97;-74;-99;65;7;76
58;-97;53;-7;5;-61
-12;1;-58;-20;-50;25
-45;49;94;77;-35;65
95;-22;-60;-62;-58;15
-27;11;43;-30;25;3
11;-73;-95;84;6;63
-26;65;45;51;85;-68
-67;-2;-11;-79;-57;31
-51;50;71;-82;-16;-79
4;51;-73;51;56;-66
35;70;65;-51;-52;-88
77;25;-46;-57;69;29
-91;-44;-87;77;20;-63
60;1;37;43;26;45
60;89;-94;-53;75;-43
49;-3;34;95;-26;57
-52;78;43;-25;19;-42
73;-51;-100;-6;3;-73
15;-98;-50;-8;-95;28
-65;-63;-31;-8;94;58
-71;21;-100;3;-70;76
-79;-31;47;-29;9;-77
-85;99;74;-81;-79;-91
-34;-65;-67;6;-67;-74
-90;8;-98;54;14;-48
9;-49;99;65;32;30
65;33;75;97;50;75
4;15;-25;74;95;19
28;84;-61;-81;98;61
-42;-41;-92;54;50;71
-65;-42;-89;9;73;-29
66;-38;-31;-90;25;78
87;65;42;-45;30;70
24;-74;-21;-41;1;92
-14;-67;-28;64;66;-92
-69;-34;80;-94;88;-85
57;-27;-21;-69;-34;-86
65;-21;38;-89;47;88
-33;-59;74;35;-93;-89
-79;52;-63;34;88;-43
32;26;39;-4;57;-44
27;49;32;-75;-31;2
30;-89;41;89;-25;-39
-87;14;-14;3;26;-67
54;-25;-96;-14;-77;-61
-57;15;-72;-81;-80;61
23;-9;68;-5;95;-93
-95;-14;92;12;-64;-68
5;-44;-29;57;53;42
47;61;-10;25;94;41
-36;0;-24;-26;21;27
-97;-18;88;-62;83;98
99;-91;84;92;-86;-58
-5;-31;-62;-43;-5;-50
-87;68;65;-24;56;65
-73;20;-84;-2;-43;64
-22;-6;-30;-1;-29;-3
93;75;-48;-42;0;1
71;-4;31;-45;-3;-88
76;86;4;-1;79;-50
89;68;68;-43;-47;82
-13;76;-3;-11;-59;-41
-48;-18;-10;-41;-63;33
74;-30;-38;-85;47;19
-68;-5;-35;-62;-74;17
11;45;-31;-30;7;-5
-54;32;61;-84;-19;-35
77;-24;-1;-75;-1;44
88;-51;61;-75;27;82
64;-89;-46;-51;-42;11
-95;-77;-52;-62;-41;-45
-22;-56;21;-87;-23;73
-8;11;34;51;-66;23
-14;-57;-31;88;78;-84
-66;70;87;60;78;22
22;-80;-49;36;-88;57
-82;87;-5;83;-22;-8
77;-19;-61;-9;3;91
27;-19;71;3;-25;54
-46;48;-38;-73;28;-29
8;-65;-2;-83;-7;60
61;85;-36;-26;43;-50
-99;-96;-38;61;47;23
78;-14;74;-64;23;28
80;-51;19;-56;18;-16
-68;7;-46;63;73;0
9;5;62;15;-23;91
40;95;93;75;27;-69
-24;-56;-47;16;-25;-73
93;-29;12;43;33;-49
-37;82;100;-35;8;49
-73;-56;14;69;31;66
-29;-98;-60;-85;81;-41
-72;65;-88;10;-96;-86
1;32;50;-45;99;94
25;-41;-49;-76;-94;-49
26;-15;-35;-62;-97;67
17;-95;-67;19;-59;39
10;-55;-71;38;77;48
66;55;56;42;-90;36
25;-61;-59;8;70;90
65;14;33;-61;-37;-85
33;72;15;79;-29;2
-1;91;95;62;-73;-92
-95;87;26;-6;48;99
-14;-14;-75;81;-16;69
13;-23;-16;21;78;-55
-84;-46;94;-72;-62;31
47;37;-25;91;-90;46
-1;-58;-80;38;99;6
-84;-6;64;-88;-22;-20
-92;91;76;-81;-17;-81
-38;-73;-22;-79;57;-17
14;-79;-9;-60;59;-61
-68;70;-3;15;-97;94
-51;-36;58;22;-30;61
84;37;-79;-64;16;47
6;-50;36;-90;63;-65
79;49;-14;-46;-72;-3
70;59;99;37;-46;42
62;3;81;-51;-22;44
83;-96;-75;4;46;40
-41;32;20;48;53;-3
51;59;63;47;46;-3
-98;66;-32;-1;-24;-34
-15;-39;-79;-31;-9;-15
-70;-93;81;-47;-50;-58
-90;7;-60;-45;62;-76
-26;-26;100;-61;0;56
-86;-25;-72;-10;-55;78
97;-84;-10;-34;-53;1
-11;-17;-97;-40;93;96
65;-63;-40;-2;-50;55
-15;-53;-34;-35;79;18
59;-80;-34;-8;-100;-35
-62;-42;-40;77;-48;97
23;-37;-42;-98;-46;-87
38;63;-8;91;4;57
76;-38;-78;-9;-39;96
90;-100;-8;9;-86;-7
92;-10;-37;11;12;61
17;-100;-9;75;-84;100
-79;39;-18;77;-79;-50
-61;-3;-36;-89;82;-10
11;-57;10;26;-71;92
33;-86;-21;87;68;-61
-42;-70;44;73;-7;56
64;-89;-29;-41;-7;48
-53;-84;-99;-61;100;-24
-60;4;-86;12;24;-4
74;-78;48;75;96;96
86;15;79;-92;6;-74
90;-89;-50;17;-23;71
8;-60;30;85;-88;-83
48;42;71;52;-12;24
17;91;80;70;18;25
-16;-86;-3;-50;-65;-75
-64;-56;46;-17;-30;-15
-38;-53;76;88;30;-6
-30;-95;38;-17;-39;90
55;-33;81;-4;79;-26
-97;63;-93;66;-13;43
46;-17;-76;-60;38;-15
-15;51;-53;-58;-64;-91
65;-10;-13;-44;45;43
-24;58;-12;6;-8;-74
-76;0;-90;-5;90;-92
-10;-13;-93;-90;-13;73
69;-39;27;54;-81;7
87;-96;26;-49;23;4
42;-57;-15;-24;-89;-87
75;-27;70;-38;86;6
-70;-98;2;-50;71;15
53;99;-94;85;41;70
-96;-1;-25;95;51;-42
-32;-21;-25;-100;50;-3
57;65;-32;-3;29;-21
83;22;86;20;-40;-93
99;16;78;32;44;59
-66;35;78;-96;-97;76
63;78;24;-18;69;-18
94;-29;-31;-1;-59;-65
-22;44;95;7;30;-55
-80;55;79;61;0;20
-36;16;-70;-90;80;18
29;16;96;-30;13;8
19;-16;-84;68;-61;16
-2;-61;73;30;3;-76
59;-62;-1;88;79;95
-12;33;-71;96;87;-5
53;-46;25;31;-48;-57
97;-27;20;98;-79;16
-30;70;-67;50;-27;-20
19;76;79;39;51;84
66;81;-71;-42;35;72
98;-25;95;0;67;38
-90;-57;-18;-41;-100;-94
70;-29;-29;-99;-21;88
-52;-99;-9;37;57;22
-14;26;60;-98;-98;-46
7;54;-97;-62;-71;-28
-8;56;11;-83;1;-10
-54;60;1;-45;-24;4
-8;78;79;-11;-3;-58
42;31;-3;23;-70;71
16;-20;-35;91;-72;-50
-60;-8;70;67;4;-2
-21;85;50;47;-81;-24
-79;-43;-81;68;42;65
28;42;94;-4;-98;91
45;-24;-65;-55;64;-59
17;-100;-16;-85;-78;-12
89;-13;-79;44;-43;-10
65;63;24;36;-69;65
-22;50;-32;14;13;94
93;-73;7;-94;-56;96
33;-84;-54;-45;42;-58
-78;34;-48;36;-88;-38
-11;15;88;-92;-33;99
3;58;-82;97;94;27
29;5;96;-9;-86;95
75;99;-61;53;-95;61
10;79;36;-94;24;5
-31;-34;47;-9;74;98
-63;80;52;-90;-88;-19
-74;100;-36;33;-93;-32
-73;-81;-22;14;58;46
89;66;-55;-89;-80;33
-8;73;-17;43;-25;-11
-82;9;-15;8;-30;-20
46;85;13;80;15;46
-23;-55;-75;3;-25;-34
-81;32;-53;2;86;-49
33;-25;62;31;-65;-89
22;73;96;-92;-77;-53
69;-95;0;26;97;-67
25;68;-39;36;-12;-51
-75;100;-88;50;90;45
60;-55;41;-4;-91;41
5;85;53;98;76;18
-91;-90;66;-2;63;-25
46;61;78;-57;95;14
96;-42;-64;35;-58;64
96;57;5;41;69;40
-48;-81;36;31;47;79
7;79;39;-17;-39;37
31;87;31;-34;59;-93
38;9;75;-49;-72;89
3;-83;60;-87;-6;-96
22;-53;24;92;-43;4
-26;31;43;89;45;86
-58;94;-99;99;28;-99
-48;82;-21;-5;-17;-50
84;-41;25;-61;0;40
-12;90;-76;-31;45;18
87;-89;47;-45;-11;-27
37;-23;-81;-83;88;-99
-14;56;92;-45;-44;0
-27;-88;55;-36;-77;-76
13;61;27;89;-31;89
-58;59;70;34;96;-97
43;82;32;74;78;-89
-60;77;44;70;-100;-5
100;-5;1;-91;-35;61
88;3;92;-70;-44;-73
-42;51;-30;-58;-80;-82
2;76;-79;93;51;-27
12;23;-8;-16;-86;-86
3;37;45;-26;100;-13
-35;-56;-5;89;-1;64
91;-65;37;24;-6;27
58;5;-65;-32;-75;-2
40;72;-31;49;4;69
5;-44;42;-27;96;72
50;-83;-25;-30;-79;69
12;9;21;-88;47;-70
-46;-65;-73;-32;71;-39
58;-95;-80;-92;72;-36
-48;-31;66;14;-64;40
-58;31;92;5;-37;-11
7;83;-63;-51;-91;61
-5;90;30;0;41;-91
-8;4;-19;-100;-9;13
-73;36;93;-26;20;58
-51;49;-74;90;3;6
-42;89;-75;44;-56;64
59;-31;-98;-45;17;-37
82;-72;-91;56;-36;66
92;-46;7;-53;-60;-43
-4;-50;-53;-90;98;-28
91;-65;15;53;-11;-2
94;-13;17;-68;-72;-36
78;-60;14;12;-43;53
59;51;-90;94;-52;-10
-48;14;-37;16;-85;-32
22;-40;40;-72;11;88
80;-89;55;49;-28;9
-69;-73;50;67;46;18
-55;35;-37;-98;-62;-92
83;-64;84;-77;42;99
98;38;-14;78;-92;-5
-60;57;12;-26;32;84
44;-16;-10;49;42;-81
-57;-12;-17;58;-97;51
-27;67;51;17;-75;-90
90;-91;-38;-34;83;46
48;50;-72;-60;-88;-8
51;-56;-84;34;-96;-48
51;-99;-76;77;8;31
-13;-77;15;17;41;79
87;59;-35;-96;85;1
-51;29;-84;-69;-16;-41
-77;-24;-1;18;12;-41
-91;-67;2;-67;21;-41
-63;-58;4;42;52;99
85;-6;30;-33;64;-84
94;55;-56;34;96;-97
65;83;-89;-90;-9;-94
87;-78;72;-86;58;-67
19;53;-26;-26;-84;27
-15;96;0;92;28;-16
-67;42;-69;6;77;-68
-29;38;47;-93;-8;-98
13;30;56;-22;8;97
5;47;-97;23;-22;80
69;-68;-47;-95;-3;-16
30;5;89;3;-16;54
-14;-59;95;9;-9;61
80;-17;51;53;-83;10
-60;-49;15;29;71;-58
-73;-78;-12;-67;96;-46
-20;-96;-93;-64;-6;86
100;49;-27;87;17;5
-34;14;25;-9;100;74
51;10;0;14;-67;36
-43;-47;69;92;-65;20
91;20;45;36;61;21
-100;-7;54;-10;-75;-51
-76;97;-14;-41;-98;84
-98;71;8;-25;-98;20
46;-95;-48;-95;28;-82
41;-81;49;-29;36;42
-72;61;-6;99;-5;68
85;3;85;-5;-1;-48
-75;-70;-93;-86;-5;-38
53;-46;-82;-27;-62;-59
64;21;-87;-90;22;-68
9;16;88;16;18;-32
-28;-57;-93;97;80;-64
92;89;21;-26;51;-57
-56;-79;-61;96;46;-19
-59;-77;6;37;-83;31
92;-43;49;-82;-98;-74
-54;81;21;-23;100;59
-72;-17;-89;-36;-48;93
34;83;12;21;0;63
-35;-81;-97;-72;73;86
94;-66;42;83;-58;-3
40;59;-66;84;-24;35
-83;-82;-79;-82;92;-85
-4;-34;-87;-70;14;33
90;27;-98;-41;-9;92
-73;44;-26;-41;-77;-20
55;87;-36;64;-32;63
-68;86;2;87;64;47
-53;-51;-9;60;18;0
62;-10;-26;-66;37;94
-38;-56;33;35;47;-42
60;43;51;75;57;-9
25;-40;75;99;-67;89
-41;83;-21;-20;-32;36
-89;-94;-90;21;13;-36
28;-55;63;-71;-24;70
-37;-50;45;11;-76;75
30;47;60;31;12;-57
-41;-81;-72;-66;-59;-17
68;-72;76;-18;58;-16
-88;29;-31;-3;-53;-72
-99;-83;-42;-15;-59;27
-30;88;-87;54;96;8
-15;82;-78;39;9;79
-81;-12;65;-70;43;74
-2;67;-74;100;69;-94
-54;-67;6;30;-43;57
71;18;99;3;66;-47
-74;-73;63;-97;84;33
-58;45;-66;-59;-27;-81
12;-48;-79;-92;-70;-60
-28;-6;97;-15;76;87
-60;34;-19;-95;0;76
-29;5;16;-68;68;-56
58;-51;31;8;30;33
-100;2;-87;10;36;-43
35;-98;-61;25;-19;-34
-12;-16;17;-89;-36;-44
-90;0;-58;-95;20;-28
49;47;18;81;68;-95
27;-81;-48;80;34;-23
-67;21;-74;46;-10;95
-47;15;-31;98;32;-91
24;71;-87;79;-58;53
58;-64;-31;25;-17;20
-45;53;94;9;27;12
-36;-58;-1;16;-69;88
55;65;-17;19;-70;82
64;67;61;-49;-88;-32
-46;-59;-81;-88;-73;-32
83;70;-61;-9;95;47
-72;20;-69;59;51;-9
-36;47;-100;72;-97;57
-83;12;-75;-84;62;-1
-25;-91;-91;-71;-46;-73
70;83;71;-39;6;96
-98;-64;-82;55;-51;90
22;-75;5;-79;-97;-19
-89;-6;-64;23;63;-7
-57;-80;97;81;32;-54
-33;62;-88;-92;-35;-22
-67;46;29;-18;-65;-28
-93;-87;-6;52;-55;-52
-84;93;91;-84;-98;42
89;-79;51;-44;-71;29
-100;-11;-24;7;-54;59
70;52;96;46;30;50
30;-47;-6;20;10;92
70;-85;81;-6;-30;94
40;65;44;-7;27;-65
-11;17;-28;-75;-2;7
-74;-84;-69;-28;8;-62
71;49;-51;-94;-92;-30
-98;20;20;-27;-71;88
62;-28;51;-38;-28;32
59;-43;-5;33;-37;27
-15;-68;80;51;-99;-15
-55;9;-93;-74;78;30
65;99;-82;-99;-56;24
-9;78;22;-21;54;92
71;-60;-44;-15;63;92
-26;-98;77;47;-75;-90
64;-87;73;52;-79;-12
-87;15;-11;23;31;-87
15;91;-48;22;-26;-2
44;-47;30;-7;-6;80
-78;97;-68;56;-13;-32
22;-18;53;43;66;-74
98;-3;-14;-87;-48;89
36;91;-100;-29;20;-35
-16;12;-43;-92;55;59
20;-12;81;65;53;-66
61;-11;56;33;89;-38
-34;-96;56;-55;83;49
-72;76;-92;-5;-88;-54
40;-15;-88;-35;-85;96
-71;15;57;34;73;6
-88;-67;74;-20;90;48
60;95;57;73;91;40
-6;-25;-73;-47;43;-9
-56;46;57;-54;12;-65
-51;-81;-20;-13;-12;-77
27;-85;-30;54;41;-15
-90;84;20;51;-68;19
48;51;-43;-58;97;-68
-2;-54;43;-67;-61;91
-59;90;87;3;-14;89
4;1;84;-45;35;-36
81;12;-73;50;57;15
59;-37;99;-28;-53;-39
-85;50;78;-25;-16;22
66;76;58;38;22;-83
1;36;56;18;-37;-18
-38;-24;72;-98;-86;99
52;39;90;-89;-43;-77
-83;48;63;-2;93;-16
44;77;51;-86;20;18
10;-71;-38;74;-79;81
13;0;92;52;11;-47
-45;29;62;50;67;64
-93;-46;-3;100;-92;56
36;74;-55;-81;47;-31
-40;18;45;-44;-53;43
-73;84;-87;25;73;-71
53;87;-92;1;72;0
-88;71;99;-89;-63;-49
-78;-18;-14;57;30;-66
35;78;2;-92;-32;-26
98;-21;16;-11;-82;-21
-13;44;11;-54;49;-25
-7;85;49;29;100;53
-47;-18;-13;55;-75;22
10;52;53;81;-59;-37
-95;9;-29;-29;-20;-94
50;-42;86;20;-20;8
-53;-19;-1;-85;50;-48
60;83;79;-80;-54;54
-72;96;-81;-35;-1;35
-81;78;-85;15;-51;-85
-88;-31;-22;-60;63;2
-97;-3;-13;43;8;2
91;77;-24;48;-22;34
90;-7;60;98;37;67
-71;-65;12;-81;-18;-65
-2;-27;64;56;11;51
58;-7;66;-77;-87;-87
-10;-50;41;-81;-70;3
-22;36;-51;16;15;81
-23;7;-99;-15;69;-52
82;31;-10;48;-87;-65
-93;91;-98;27;41;27
60;-53;-83;62;-47;54
-70;59;-37;-54;-1;-12
-93;-90;-56;25;34;-42
-70;-14;4;92;-70;-24
-52;78;7;5;100;63
-88;58;-27;71;-64;-20
-66;15;76;98;64;6
-57;40;18;-27;-77;6
22;6;45;17;10;-42
-2;95;7;60;95;38
-32;93;77;35;-33;-39
85;-16;-25;-92;46;-61
-31;20;-44;43;-100;-98
77;60;16;-42;67;51
-12;-99;-63;-17;-20;-10
78;29;30;-31;-7;-62
16;83;62;-29;72;-49
-6;16;57;-42;45;69
-18;-62;-77;-43;-86;-32
98;15;12;-11;-8;-26
-79;-84;-40;41;-64;24
-56;98;62;-99;-88;40
62;-4;72;-75;-81;51
-52;89;69;78;37;47
-49;17;89;69;26;26
80;-29;69;42;60;-43
-10;10;32;34;27;-28
91;68;-35;-43;57;-49
-100;36;18;-80;38;78
-11;-96;-29;-70;-9;12
88;-71;-94;-30;59;26
-83;40;24;79;-11;-11
-20;21;48;44;56;41
-49;-87;-59;-26;-55;89
34;84;38;17;89;74
-86;100;24;97;9;38
-17;67;3;32;-53;-89
-13;47;-82;-13;44;-81
16;-27;89;-48;-88;40
-77;-77;-88;23;-39;86
-22;75;-78;-57;-73;-83
-82;-28;-52;-61;53;-57
31;-98;-73;48;99;15
98;64;53;-24;-91;50
2;21;-53;-54;18;-29
-14;33;-9;-34;1;-12
-44;0;50;-55;88;39
88;-54;64;26;67;61
-68;51;12;-83;32;54
1;-41;36;28;-4;75
-27;-8;-4;-23;-47;-50
-70;0;-8;95;-76;-18
92;69;63;-61;35;-81
76;-98;9;15;-62;-62
78;-28;9;-52;67;100
-99;-52;19;69;76;1
-77;56;46;11;51;-62
-40;80;5;-22;49;-61
42;-55;-39;-42;-33;94
-60;5;13;41;-83;91
40;86;-73;-96;58;62
4;-54;5;98;-57;-1
47;57;34;-17;64;67
93;-14;-5;9;6;14
56;-63;-80;0;62;65
-37;10;-73;76;-44;98
19;83;98;35;-25;-33
32;79;-73;-36;-65;36
61;-33;61;-12;-6;-73
-67;73;26;58;99;-33
41;66;-56;26;63;26
-78;4;13;-95;-53;-16
-86;-86;-54;-1;-37;23
96;-26;-92;-32;40;-18
-73;-77;-88;-53;-81;45
25;-80;-20;-17;49;-25
-68;-22;8;-41;18;67
-97;3;-63;-14;-88;-2
38;7;-19;20;67;-82
33;-15;-8;-60;-97;-1
-28;59;-97;-22;36;50
-100;-55;-26;19;-88;2
29;60;77;21;75;-36
13;17;-31;23;87;69
-86;-5;75;5;51;-51
24;4;98;-14;34;70
73;-78;94;58;77;80
76;70;-76;-14;26;-13
-96;-64;75;-19;-23;6
-67;-93;-11;-75;90;-91
98;15;-38;79;42;49
82;1;36;-50;-19;54
71;74;-72;-79;-54;1
-19;90;3;68;-74;-41
37;-3;48;30;-69;-73
-42;-50;-44;3;-64;-87
86;-12;95;-44;95;89
-91;100;-93;-41;-65;20
59;13;25;-40;-51;80
64;69;-97;-82;-86;-2
-82;-60;-53;90;-72;-12
-68;26;-43;-73;-94;92
62;6;50;-58;-18;42
72;-16;84;-94;42;-16
100;65;7;48;4;-84
-54;-35;-79;96;70;61
39;-86;-41;83;24;66
-69;-29;69;68;13;-2
31;30;-98;-84;-61;-23
-71;31;81;-3;-14;70
69;45;-66;37;-61;-76
-24;-88;29;17;-95;43
-62;41;-91;68;80;-89
-35;83;55;31;-87;-59
10;-18;90;2;9;50
-75;90;73;-35;52;79
-89;8;-31;64;-60;-2
31;-57;-5;-5;-41;-38
30;70;95;-9;-6;8
-90;-35;-100;27;-16;0
-84;-88;38;10;-34;64
-91;-86;9;-10;41;-29
-1;-28;49;-44;-34;-69
-89;-19;39;54;83;-76
39;-42;-40;17;-29;68
79;38;87;30;92;96
-52;27;49;32;-18;25
78;-4;-14;-29;49;-37
-80;21;-85;27;-28;-13
-2;-22;31;63;83;-16
87;-34;3;-26;90;-20
92;-2;-65;24;-51;-40
-44;-41;32;91;19;-60
-52;46;-70;77;-26;63
69;-73;-45;-8;-99;-16
48;-10;83;37;55;14
62;26;-82;28;19;90
66;16;-43;72;7;44
-31;-69;14;90;-98;14
53;28;93;13;36;85
-3;-65;-28;-96;36;75
-9;-26;23;-49;96;-44
-97;-17;59;-27;97;77
-46;44;12;11;-26;-95
-21;-72;85;-72;100;-66
46;26;-33;-97;75;65
92;48;7;13;-28;-80
-68;-39;-79;17;-88;-42
-37;-45;-10;24;83;-3
-88;-40;-44;-79;-83;-48
46;95;-57;-26;1;25
-51;-2;-89;0;21;-51
-81;1;8;-89;67;-55
14;-13;32;21;-79;86
77;70;-32;-41;50;20
-26;-79;-71;-73;-70;-8
90;-86;-73;17;-73;41
-22;-59;-5;-26;-48;-82
-86;-33;33;13;-51;2
-50;56;-24;76;-61;-40
-40;-16;-36;15;79;-33
92;-9;18;20;65;62
-60;-63;-49;32;68;14
68;-54;5;2;-58;100
-52;87;46;-89;-71;-48
61;-26;-2;-14;90;-44
48;-29;-78;-26;-55;-95
-37;-87;42;-1;-18;48
90;-52;-14;-1;-61;81
95;-94;-98;-70;-86;-12
56;10;14;56;-98;47
43;-86;53;-21;-2;14
-41;-65;-33;85;13;-59
72;-100;54;58;68;98
70;31;97;-5;-14;13
-12;-11;88;-5;17;-2
26;-8;-85;-8;98;-40
-39;-94;-32;9;90;44
-24;-71;17;82;69;13
-9;-29;-24;20;-58;-7
39;94;-57;-7;12;58
8;-49;81;-69;54;-41
-35;68;-43;-36;-8;83
42;52;25;-8;10;-99
-22;-41;23;3;94;-11
97;-30;-57;-13;-29;53
-5;-64;-44;-5;15;37
-48;76;-63;-69;-75;-42
-15;-58;-37;57;83;17
-99;-98;-74;-19;72;-35
97;10;38;-94;53;-72
32;7;66;17;-47;-51
-1;64;71;-85;64;60
62;24;-28;-85;-18;41
-24;74;64;99;46;29
53;32;61;-82;41;-69
-89;-18;-73;55;-32;-28
12;61;46;99;-44;55
-69;-5;-88;85;14;-50
33;-99;-56;70;-70;78
85;10;-84;-86;12;-69
89;74;24;-46;83;1
20;3;-47;-44;-6;57
46;-97;-62;-10;-16;-12
-56;-3;-72;28;41;52
100;-70;62;-60;-85;82
3;-85;83;9;-43;18
-65;-24;-91;-66;75;85
97;-26;61;-87;59;-63
-1;-6;-64;-89;95;-61
-13;4;83;8;-60;-79
8;20;-79;23;15;47
-81;22;41;-9;-11;-46
-38;-56;9;-17;-14;-59
-5;-91;-9;19;70;-58
-47;-8;34;95;94;91
32;100;37;-4;-20;-94
-71;34;65;63;-76;42
71;-71;42;86;56;-40
-85;-30;-22;-63;-93;30
-67;-11;34;83;47;44
-80;-34;7;-32;20;-59
46;-70;-79;23;9;14
-32;-65;-50;-30;57;1
-99;-2;-54;66;80;-76
59;-8;-79;60;66;-63
-22;49;46;-20;-13;10
97;-23;-70;57;53;-16
24;-56;-18;-69;71;-93
30;97;-9;67;-7;-95
29;-1;80;-90;89;-11
8;-100;93;44;-20;-4
31;-91;-71;-40;9;92
92;48;11;60;35;5
-98;-95;49;-79;18;94
-81;75;64;-11;45;-37
-40;26;-6;-34;-32;-100
-89;27;20;30;-76;28
4;20;6;57;51;78
-1;23;-96;51;89;-12
78;-88;-56;3;9;39
41;14;-14;94;79;39
-20;67;36;83;39;-75
-74;-55;-5;1;13;-48
77;92;-80;73;86;-50
-99;-52;-29;-69;44;14
44;-97;45;18;-25;-74
1;-70;77;-28;-50;18
-1;28;92;3;93;18
81;-1;-24;23;95;-69
-73;28;-1;-73;78;-11
85;-77;75;-97;14;-36
41;20;-48;-29;13;-3
37;24;-90;76;-41;-48
23;61;-88;-75;78;-11
-95;72;-87;-57;-38;28
-41;-66;-79;8;23;-58
54;-30;87;97;-47;61
-20;70;70;-77;98;-17
-28;-86;15;51;73;99
49;88;42;77;24;47
-100;42;-6;91;29;81
-30;39;-61;-15;-50;64
22;-31;50;98;58;-82
88;7;57;-86;8;-36
-4;38;87;-80;76;35
-68;8;-91;-42;-73;66
76;100;38;65;14;42
-41;-64;93;34;-14;27
-9;0;-13;31;67;-5
-79;53;82;-69;-37;-69
-76;53;-34;-6;42;63
77;59;4;97;47;43
86;11;40;0;65;-47
92;11;36;37;66;-22
28;16;-64;94;52;66
33;-20;-26;44;58;-94
-49;-22;98;-39;29;-58
-45;-51;-37;41;36;92
37;-8;-3;56;66;-45
18;97;-72;88;-65;54
42;-39;-34;42;-19;-78
27;30;93;79;-92;-82
-66;18;59;96;-62;-90
-65;-44;54;31;45;35
35;-10;7;80;69;-40
-11;-90;46;30;72;77
-72;-14;30;95;19;-23
-54;-11;-79;-94;-70;43
-38;-73;75;-10;-96;-92
39;56;-93;85;34;51
51;-91;22;-30;24;-34
4;-87;11;10;-55;25
-36;-3;64;11;18;6
27;54;71;-28;66;17
100;-81;-30;-59;76;6
0;78;93;57;-41;-75
-54;-66;-77;-60;-79;66
71;51;30;21;31;5
-77;-80;-27;-44;-89;-27
-46;-90;78;48;-90;71
-16;16;-29;-23;83;63
6;-13;-92;40;12;-22
72;-13;-23;-14;60;54
38;69;-35;-20;66;-99
-56;-10;-18;61;-71;7
29;-59;-16;15;-52;-30
5;-95;96;-2;68;-74
51;-40;22;-61;-36;99
24;-31;-99;2;51;65
-17;-86;-95;5;-64;-96
77;-17;-62;-28;70;49
57;90;-46;-76;43;7
-76;-8;-20;-5;76;-60
-57;92;-64;-53;86;-31
-42;2;-50;-21;91;22
-92;19;-70;-65;-51;84
7;43;6;69;-44;-70
76;-64;32;-34;42;82
-47;-47;-96;57;42;-15
-41;-9;-52;-24;66;-92
-31;-22;-17;8;74;10
-71;53;100;-82;-46;-61
-77;83;-62;-84;47;22
48;55;-17;100;31;-57
90;88;-21;34;84;36
10;36;40;48;36;-10
-17;90;8;60;66;-54
-100;56;-32;8;-56;62
96;-98;-79;-99;-14;14
34;12;13;62;57;-95
-88;21;88;-7;-89;-19
70;-92;-63;24;93;72
48;-54;-8;-4;-56;-56
-50;37;12;36;-73;86
-55;-100;-27;-3;19;35
41;68;14;-65;-7;93
-41;-64;70;43;-17;8
-99;-29;7;5;54;16
75;-88;99;3;7;90
-88;91;62;-66;-46;17
-3;22;-53;-34;-96;16
-53;-62;-34;-79;-95;-18
74;-95;31;41;4;70
-78;92;-99;6;40;6
-4;-17;81;-57;-60;19
-62;28;-85;82;-74;47
-88;-75;-28;-6;-31;45
-10;-62;87;-15;-24;20
5;100;-46;70;96;-79
-56;-82;-93;-33;-55;67
43;69;-60;-60;-62;33
-73;-3;-77;-95;21;74
-41;85;-45;-68;-78;78
65;-60;-27;-46;73;-61
-72;71;-25;58;19;-60
-57;-26;24;-53;-10;23
41;46;7;84;-85;-90
-9;91;65;44;63;-25
31;-80;-68;-23;-39;-37
-24;-93;-67;59;10;-42
-20;14;-60;48;13;85
-9;-70;-39;20;-51;-48
20;-89;79;-27;-18;-85
-64;94;49;-44;-65;-33
58;88;24;68;65;38
-42;-29;36;100;-70;35
-16;-97;-85;-93;42;-24
9;-93;61;25;33;-46
9;88;-75;44;-57;62
78;42;-17;2;-13;47
-6;-91;33;-95;24;-48
3;14;46;-51;-51;47
97;51;-51;-1;-28;-88
19;-39;8;-89;-35;-5
84;51;42;-73;-57;-56
48;-32;43;-75;30;-93
-17;-28;-63;-5;38;91
-76;-35;-89;-23;24;65
52;30;-67;100;-44;46
41;-92;74;5;-55;-78
-97;-47;-28;-55;-1;9
60;86;-19;66;-11;91
28;40;81;2;-95;-66
-52;-69;48;95;63;16
21;-15;-90;-81;-92;66
-77;-65;-81;-18;-26;14
64;-49;-24;-86;-12;-8
83;35;-24;40;-47;38
70;-56;12;-43;31;27
-27;-88;96;-64;-18;62
77;-77;-95;-97;59;-22
36;-9;44;-51;12;95
10;-97;-28;-56;-27;-44
91;-55;-13;82;90;-49
-58;-9;-58;-11;-17;-82
65;65;53;-62;41;97
-28;31;52;-69;-58;87
80;-18;71;-80;97;-99
-79;-74;-88;-32;85;40
66;-21;40;-6;-37;-5
-51;79;-32;22;90;-71
-83;21;53;-87;65;-5
88;20;-82;6;33;62
42;-91;91;10;34;-85
-77;30;1;93;66;1
37;40;75;6;-12;-32
46;18;64;-20;78;94
59;-8;0;24;-51;26
2;-85;-79;-31;86;71
4;-90;-52;29;-99;-45
-70;73;-54;50;-65;-22
13;-38;8;-25;12;-66
-79;-50;-63;30;13;-82
-7;75;-59;-9;-21;83
30;-71;90;35;-99;6
46;93;-73;41;20;-86
-35;-10;-4;-27;-61;77
-56;-20;-84;58;-20;91
56;-53;-23;-49;-7;0
46;-80;-78;92;-70;-58
46;12;41;6;54;66
-64;-28;72;-10;91;-51
29;-47;28;-20;-98;-99
-43;75;11;25;69;96
-6;-31;78;78;15;-19
87;-99;-23;74;42;-19
76;-74;-79;-64;78;30
-37;-50;-9;-61;75;-26
-78;-31;-52;21;99;90
50;66;35;65;-43;98
-36;-53;30;-88;5;24
58;-92;2;52;-17;17
-41;91;73;-2;82;9
-87;10;41;48;-88;-92
-97;65;63;-92;89;87
-96;77;69;-59;47;77
-73;24;97;-89;-53;25
57;13;-68;-100;-99;32
12;-1;87;-2;86;-97
-75;29;4;63;98;-34
51;24;11;42;-22;-20
-30;-99;-67;-23;99;79
-27;30;40;41;-98;-94
-85;22;-19;100;16;93
12;82;45;57;-72;52
-91;98;2;-10;91;87
-65;-93;91;-7;-72;-53
41;-94;-12;-6;84;28
-17;-43;-92;-92;-100;-90
-85;28;-15;15;78;7
98;25;41;-70;85;-79
39;-3;-32;8;63;56
8;87;92;-26;9;-87
53;-55;13;-61;24;63
27;52;51;7;-13;-67
-26;89;5;62;-55;-93
-79;70;63;72;7;62
42;30;-37;95;-10;50
-74;-26;10;49;-82;-98
-19;-30;-83;-57;-12;-57
-21;-59;20;-62;-34;-24
-91;-75;-44;-46;61;-50
-17;-59;-62;49;4;-64
74;34;23;-62;-62;98
9;-4;-65;44;-17;-92
44;-41;-2;18;92;-70
-70;-7;-65;34;-48;-74
11;28;-51;55;-60;-92
-4;52;-34;-35;-69;74
98;54;25;-41;-26;43
100;91;-96;-71;28;54
39;33;-56;97;-5;-58
33;1;-28;91;72;15
-53;-28;-93;87;86;55
20;13;49;-38;51;64
94;47;-34;34;26;-77
-71;-56;83;-13;-31;-39
86;-99;-72;-84;-22;-2
46;31;51;-87;15;4
29;-36;37;3;31;-88
-65;54;-73;-27;-15;-37
-50;9;-81;47;-85;-40
66;-85;-61;85;84;82
-78;-67;20;-80;-60;-85
-87;-43;43;13;2;-36
-41;-37;10;80;17;-41
36;-66;32;37;-26;-100
-88;90;-22;34;-80;-96
-98;-55;69;95;26;-24
64;-84;62;33;-99;-23
-47;60;89;57;53;-35
-98;20;50;-79;33;-8
27;-49;-73;-59;-99;-91
56;92;-73;86;-85;-81
18;31;23;-81;96;53
-30;-95;-60;-4;17;-39
-77;-6;10;-10;-27;53
-42;53;-31;-9;-21;92
15;-31;-14;-43;4;51
12;-73;28;6;-65;19
-62;77;95;11;19;21
27;-66;-71;-64;-4;-54
-29;34;-30;90;27;100
-47;-83;47;84;-8;-61
54;60;-12;64;-3;-11
-80;54;60;81;-42;-94
-16;12;-47;-22;-6;85
100;34;-64;-47;3;-92
-74;-44;-12;-17;98;-38
32;73;58;21;-2;38
-38;-73;49;-78;33;35
-44;-33;-59;-19;-66;27
83;2;12;93;58;55
-90;-31;-67;-20;-93;-57
-84;61;38;36;80;76
-35;-72;20;52;10;-64
-72;-48;-77;-9;-47;-82
24;41;78;52;-17;51
86;4;-13;-55;51;-97
49;66;63;-61;22;58
-9;-36;39;-87;74;-82
-91;-93;38;91;-32;71
41;-36;-96;-74;-26;-71
88;65;-84;92;-48;-45
25;-31;-30;-13;-40;-98
75;11;61;-16;-98;83
-84;-93;-88;-97;77;88
43;52;99;-3;-74;-10
60;48;-99;-60;-52;-4
-57;71;57;41;93;73
-46;21;88;82;-46;47
87;-48;-73;-44;66;-75
100;-43;64;-17;-39;-70
-7;57;34;5;-79;-20
-72;-13;-6;61;-1;41
53;1;-84;-91;9;48
93;67;-18;85;30;-32
90;-76;-26;44;91;-62
35;87;43;-43;-43;58
-61;49;34;-6;80;-82
-70;-22;-23;24;16;-8
18;-52;-85;48;-71;70
-72;-56;38;-77;-42;41
82;-28;37;45;-80;-16
47;14;-88;-27;62;48
-55;65;-84;39;-47;-82
69;53;-47;6;-24;16
3;17;81;70;-13;60
-59;-75;-98;30;-9;-42
38;67;-68;-33;-60;76
27;-13;68;-12;70;46
-92;-80;-23;-22;71;-88
24;73;59;25;36;-27
64;-30;91;64;-69;-31
-15;-74;-81;72;69;-55
-25;-7;-73;26;92;-63
-83;-61;-52;-48;-15;97
-80;16;3;-8;-65;77
30;-69;46;-22;66;82
95;48;-6;-37;45;-68
-33;-89;-30;-95;-52;-56
54;8;-56;-42;83;14
3;-67;-37;5;-48;45
57;-23;86;30;-32;52
-23;-21;-18;75;-40;-74
16;-79;-66;51;-34;-5
-26;-84;27;16;-64;91
-51;81;-19;39;58;64
87;-100;-33;-94;-11;71
-99;45;99;2;73;-41
38;-87;-89;-74;-53;-10
-3;90;-77;-61;57;-22
31;97;-100;23;-28;19
-48;23;-39;18;21;-85
-50;-4;-96;56;41;-47
-52;44;81;57;-100;-64
27;75;-93;82;-47;-93
-71;54;-66;-11;9;-26
-83;-20;45;-41;-17;10
14;-95;-52;44;22;6
-46;24;-25;23;32;-63
17;-68;13;5;-53;45
73;39;18;6;-41;75
87;-68;37;-72;0;26
-20;-48;47;91;21;-95
42;41;15;9;88;-13
-69;-12;-1;41;-88;-19
14;68;-51;-53;-37;61
75;-93;-77;-95;36;-65
17;-41;33;1;93;79
12;-76;-15;13;-35;78
91;67;-9;-20;52;-19
-77;37;75;92;-23;57
-94;-84;61;69;-21;-10
-88;96;-75;84;57;-66
-18;29;80;-54;56;12
-37;-89;-1;64;90;-78
-26;-64;-88;34;92;54
-34;81;-74;-3;7;-11
66;57;-11;63;91;-33
37;-26;86;-54;88;-12
93;51;-66;67;-24;26
-63;38;30;4;-84;64
25;-58;-26;38;60;12
54;-82;-55;50;-100;-10
67;67;95;14;-61;51
-87;42;42;-32;44;88
-15;-84;57;36;-71;51
-41;37;-70;-94;-22;21
-48;99;78;-31;88;-46
68;-30;58;86;-45;-65
22;91;-37;-91;-92;-92
36;-78;81;-11;99;-87
30;-9;9;2;25;59
-80;-12;-95;-11;-51;-28
-86;-46;-77;-70;-76;-68
-38;-32;-98;19;73;90
87;-18;3;-85;-21;-77
-38;68;79;81;-75;-29
92;-77;-96;62;-15;-32
52;-2;98;-19;-74;-11
-61;-55;57;25;63;99
-67;-65;39;-94;73;-2
93;40;-27;-2;45;-4
45;-89;-80;55;-15;3
-55;23;5;52;-73;-51
-80;98;-39;-73;40;10
30;2;56;-10;-97;-46
-57;74;63;48;-65;97
-29;62;65;-79;-83;57
-86;19;-96;53;64;-22
-5;-95;-8;6;25;44
-24;9;-88;-37;-91;22
-32;51;79;40;23;-36
-33;7;-35;99;57;99
42;-93;-17;-85;16;25
-48;-93;91;-62;-79;24
-39;51;7;-48;-71;-63
-53;-81;-14;-27;-11;-57
-97;76;28;3;55;-76
-67;-99;3;-49;-15;66
-15;-19;-26;-23;87;83
94;32;-66;68;99;76
92;6;93;27;33;58
47;67;-98;31;22;-82
83;-63;-8;-2;-83;-19
-99;1;-95;86;-10;-79
-56;86;22;-57;31;70
-72;-82;-29;50;-50;53
-32;37;92;-1;-16;40
-95;61;-22;-68;16;-22
-81;-27;41;-39;1;-82
-19;-3;49;81;41;-3
-58;-50;-77;-10;-75;-18
17;-32;-93;-28;62;77
47;-84;-88;95;-84;-89
92;-100;83;-40;-69;-46
-18;-25;-19;-46;0;95
-35;83;-23;-14;98;47
-38;16;42;-68;-71;-26
-63;43;59;-37;47;91
-59;-36;-31;-35;63;6
-29;70;95;84;55;-21
-35;42;-35;-30;-78;-44
20;-78;-59;-29;-97;-36
39;86;-80;21;30;66
-69;8;98;-4;76;56
90;74;93;87;-55;-90
75;16;-62;-29;-51;80
40;68;-9;97;27;89
-36;-58;-8;-98;-51;-84
-2;-31;83;2;-58;73
88;-11;-53;-94;0;21
-79;84;74;29;-50;-76
71;25;-65;49;-78;31
-34;72;85;22;16;-24
99;34;-10;-33;49;-80
55;12;-76;-95;55;-42
32;-28;-34;35;45;-11
67;-21;92;73;-1;-70
-62;-11;-93;-62;-85;-88
54;-21;-21;-60;-45;19
32;-86;-58;30;66;18
-79;-34;88;-42;14;2
-33;-32;-36;90;19;-56
4;-8;-75;-64;-62;-42
-85;23;-30;-63;69;43
19;0;53;-33;-88;74
19;-99;84;-7;-38;59
-76;-19;21;54;71;-65
-58;95;99;1;-88;37
-63;51;25;-6;-49;87
22;-25;-34;90;58;-22
14;85;-37;-28;-74;41
-100;64;-24;-63;95;64
-38;88;-30;56;0;-2
36;-63;-15;100;76;-46
-23;9;6;90;86;4
-70;19;97;-73;-12;65
-42;85;34;-6;40;55
-15;48;-94;72;80;-16
-12;-97;67;83;-55;66
-47;-61;23;-26;-86;-87
54;69;78;52;-88;-84
16;-34;31;-66;5;93
-60;-80;-58;-18;50;-23
-9;20;46;9;-43;-81
40;-14;54;-42;-70;26
88;-73;-16;-4;-92;-8
-39;-22;-3;92;22;63
-78;-51;32;-96;97;-16
78;62;-57;-89;83;0
12;-46;37;33;-37;-1
-13;25;-58;-88;-89;4
17;-79;-14;46;-78;21
-35;-97;28;-71;94;4
13;-28;-86;62;15;17
-78;57;12;-80;-88;95
2;-7;7;19;-51;65
-83;88;-17;-85;-84;29
-38;59;-60;-98;22;-16
93;89;82;56;-62;24
65;-98;-55;-19;30;83
79;-45;100;-63;-23;86
-76;23;-10;-82;51;-27
-87;40;7;49;-45;75
78;-31;90;18;65;-50
-90;-40;-15;-50;32;50
-70;-58;72;-36;63;-61
43;1;-30;-91;9;56
-96;87;21;97;-61;8
71;63;58;-32;21;67
29;83;-54;54;73;-10
-39;20;-78;-39;-11;-27
34;-26;3;-95;-59;-8
-7;-78;42;43;30;71
-100;60;-93;-99;74;90
-11;93;-64;30;-13;67
93;49;-36;-48;-97;-3
89;-88;87;-95;67;5
-10;-94;-5;-2;76;97
-98;-42;57;-14;92;-67
-26;-66;79;-85;12;71
19;-89;62;3;90;71
-72;-26;61;-68;-19;-34
15;7;23;-83;-82;-91
-11;-76;-25;-1;-11;-66
-48;-51;-76;-58;79;-70
-13;54;12;34;87;-52
37;38;-2;66;17;63
-67;0;66;93;30;-46
98;48;-5;-22;46;21
-31;-31;-81;4;52;36
-94;84;94;-28;79;31
30;9;-60;54;6;50
49;87;45;-81;-50;-21
79;-62;-2;-93;42;-20
65;-54;45;90;-27;-48
-69;43;-85;-2;-82;-11
-98;82;64;42;-70;11
97;73;-81;78;36;11
-17;25;4;-95;5;-87
-44;30;87;0;-72;-6
-92;65;13;69;33;83
-21;-45;27;-77;71;-95
21;95;12;88;-3;-88
-92;-49;80;-79;61;-20
-45;22;27;-61;-44;93
-1;-77;41;-90;-41;-95
13;-26;-77;36;0;57
-79;81;8;-24;-71;12
-15;-66;-83;28;-51;29
-60;70;-11;98;58;94
41;40;-73;39;-50;-12
-27;-7;-72;20;-98;2
0;-48;-58;10;-43;23
76;28;67;-46;57;-40
-91;-44;5;-54;29;18
-58;96;94;60;95;-58
20;24;31;95;-21;-79
-3;-2;-3;88;-51;72
-71;-20;95;-69;-70;-96
-57;42;-72;-61;-33;92
-73;32;6;80;9;16
-76;99;18;55;49;12
-63;6;-12;-69;-16;13
55;-27;6;26;43;-78
29;-2;-37;63;-54;-58
62;-79;64;-56;61;-49
-54;47;30;-50;-73;16
-98;45;5;19;15;-77
74;2;99;-63;57;30
-11;87;51;96;89;-78
-35;55;8;-69;-62;44
92;-3;84;77;0;-18
48;-30;-49;-4;-40;88
83;29;-45;33;34;-79
-18;40;-33;37;-55;11
-60;38;1;20;83;91
15;97;-1;-9;-4;-37
-48;-69;65;60;-73;73
-38;74;-22;48;6;63
-42;-29;-94;-23;81;-36
15;-67;32;66;-17;5
-44;19;-46;-36;-21;38
-52;73;74;-52;90;79
38;-69;96;77;5;18
-14;70;91;35;65;94
-34;93;43;-85;76;58
1;-8;0;-59;85;77
48;-31;79;-17;-4;83
-82;-17;42;33;41;-66
-59;-20;-30;38;-75;-58
-3;76;-44;-90;-74;-39
18;77;-63;-73;58;75
-100;-27;-2;36;-46;25
-98;-72;6;-25;-95;11
85;14;-80;65;-85;90
31;-51;-63;67;-85;-2
-14;-82;83;6;-60;60
-35;90;44;-93;10;68
24;-42;-13;33;-21;-77
-53;-82;86;41;43;-15
-68;59;-83;8;63;-72
-8;85;-7;92;-55;-76
-24;-25;39;-85;-64;68
-11;88;75;-82;-30;55
-12;-98;-4;-49;-10;-13
-35;26;-34;-9;2;57
77;-37;16;-12;31;-70
73;-45;-27;-30;-95;-54
-53;-69;9;-43;17;38
-79;-17;49;-93;19;24
-14;-53;18;12;47;-70
-8;-84;-45;78;38;22
-72;-79;-62;-41;89;-51
40;8;-68;16;-79;58
-16;18;-30;42;90;33
-92;89;12;27;-33;69
98;-96;-26;-13;-38;-81
-18;56;25;-95;-8;61
0;27;79;-30;42;24
99;-54;19;40;72;-67
-6;-27;4;22;-49;51
100;-13;32;84;56;-19
52;-93;-90;61;-1;52
95;59;-32;35;83;-92
53;85;83;3;7;-37
35;-25;-94;9;-68;13
-47;13;60;93;-99;11
-43;-99;-15;-95;34;-77
-12;-28;-13;12;-81;-94
47;60;-31;-52;12;-44
70;43;78;-15;-83;-81
43;1;-52;69;-70;-88
-28;-64;62;-38;-78;18
-69;-98;47;32;-68;-49
-82;20;11;-99;2;63
-28;23;99;-84;-11;94
26;-78;-80;9;47;12
89;-95;29;52;-84;27
90;-80;-52;77;-46;-37
26;-77;-12;31;-32;-85
21;19;24;93;7;91
69;96;-73;-75;-59;3
-86;89;-52;82;-23;81
-21;-13;36;66;-65;-91
63;4;-37;54;92;11
-49;-64;-83;-54;-48;32
88;74;21;-53;-35;-85
-14;6;81;-51;2;-89
13;68;-42;-62;-51;87
51;21;75;-30;-88;81
-90;16;48;-44;-63;-21
-48;-96;-47;28;75;30
8;54;22;13;-57;-79
77;68;-66;-69;78;38
33;6;-40;-67;64;-9
-50;-81;0;71;-62;-66
-55;75;46;-92;-56;25
-50;-70;56;-39;-65;-11
-16;49;-89;70;-83;-26
-83;-78;-97;71;41;32
-23;-57;82;-36;-5;67
-81;-80;-62;-87;30;-75
11;-57;91;40;-39;27
-83;67;-50;78;3;97
93;-89;3;-92;-92;15
50;12;-88;68;-55;79
-44;-48;65;90;31;-41
-96;-75;-56;-21;-62;26
84;-88;38;-64;37;-57
-87;52;-45;-57;-91;26
80;94;-5;97;53;-61
41;-90;-35;51;82;-96
-84;2;35;-76;-71;67
56;-73;8;75;72;90
-37;92;-20;27;72;-3
-20;14;-88;-86;-52;12
-38;-100;51;49;35;41
-7;8;23;59;29;-54
-40;-3;29;61;-70;40
87;-2;-42;-69;-4;54
-91;4;-39;53;86;42
53;-35;-12;-30;12;12
-4;-67;98;-29;-49;96
20;96;3;44;1;-17
12;91;18;6;49;-73
38;22;-69;19;4;-52
92;9;-80;-9;-98;19
57;47;22;-61;-35;-95
72;27;6;68;-16;-57
-85;-2;-66;70;-32;-96
88;-79;-13;4;17;-88
-87;-65;-63;0;-48;15
-25;67;-69;-51;-99;95
64;86;59;-75;31;-20
-31;94;-41;-59;-68;99
55;-27;44;-3;30;6
-97;65;45;-16;81;18
-5;-73;12;78;-98;54
38;64;-47;-29;-27;2
-97;-7;29;-93;77;73
-24;-10;-60;51;-77;35
84;73;-45;44;100;86
12;-7;-24;62;18;68
-87;-96;98;18;-16;-71
-72;-23;-97;60;-46;-98
-77;-70;-90;-2;5;0
-66;42;88;35;-42;62
72;-80;-87;68;56;12
-30;14;-100;-3;3;51
90;86;22;0;80;21
-37;-43;-31;35;54;1
81;-56;31;-41;37;-44
55;-53;-70;-12;-60;21
8;-27;72;82;-53;75
-8;-35;62;-25;-64;-30
32;73;-96;-31;-12;-4
-24;-33;30;-12;83;-23
63;90;76;-64;79;81
-14;97;74;26;90;-35
-79;-63;4;17;45;77
57;47;16;-60;26;88
-73;-43;-11;9;-35;34
12;41;-53;71;65;-28
-74;77;97;-33;-48;-50
-18;63;66;-52;70;79
69;2;22;38;-7;93
-40;-12;-46;44;79;83
-39;-4;-68;-32;80;88
-24;31;66;-50;23;12
-94;97;38;74;64;-24
24;29;8;-32;-61;-95
-46;-95;-3;-93;-35;43
-92;25;-56;21;85;13
-95;-55;-34;-10;77;91
83;-86;21;-51;-24;62
56;15;-95;66;24;-25
81;-17;-21;82;24;-44
-11;54;-55;51;13;17
77;66;-77;25;-51;-73
-46;-63;52;-13;-61;57
-32;37;37;-36;92;97
-14;47;-75;43;45;-41
27;7;89;7;-78;-24
-77;-26;-98;-2;-12;-64
7;20;67;-69;30;-85
34;17;55;55;-77;22
87;-22;8;-35;100;78
67;-39;15;81;65;23
-15;46;87;87;-38;1
-85;4;41;8;-58;43
14;8;42;33;48;-49
-63;-75;88;1;-89;86
71;-56;17;91;93;-98
9;-28;60;-2;11;-22
74;68;-52;-96;-91;-45
-85;0;-76;-82;86;92
-64;-68;91;4;96;73
15;84;28;95;-83;-8
6;72;62;49;53;-64
-14;-58;-5;3;57;70
90;-17;50;100;93;-1
6;14;-96;-45;-20;-53
-11;36;-59;-23;-73;-71
-67;64;-81;7;22;90
-11;-66;-25;75;66;-41
95;-93;-40;-95;-72;-74
7;46;58;-50;7;-10
-81;22;-4;28;-80;87
63;44;-97;74;62;-5
-69;49;-30;79;-30;-13
-97;-6;69;-100;8;-31
-69;57;75;-97;11;9
-50;44;-45;-29;3;-8
-24;-28;-57;-31;45;96
-53;5;98;72;93;-76
39;-48;96;-17;-20;100
-42;-65;-85;39;99;-98
-92;-54;-86;-79;-61;-36
-72;80;-71;46;50;68
16;71;-53;-36;65;-71
42;2;53;-40;30;-74
-38;-84;-13;-45;-72;83
-15;79;1;-56;24;98
-41;-5;61;56;7;-52
59;-70;92;89;16;7
46;63;-28;25;-59;4
35;-43;23;46;16;64
6;26;71;36;-96;-63
54;-9;71;-76;93;-71
-7;45;10;69;-45;-9
-33;-56;-33;14;28;77
-27;56;-78;35;-17;75
-90;56;17;27;66;-35
-54;-31;-44;-49;34;-5
83;-5;35;15;11;-30
63;-66;-87;-90;6;85
-53;52;66;40;-51;-42
-84;28;-48;-37;-57;-27
16;18;-41;87;-9;-72
59;-2;-84;54;-31;6
90;-28;10;14;90;-1
88;-4;23;-57;42;58
3;38;-33;34;-19;56
64;40;-62;-49;-58;-100
-6;-83;-29;-87;-36;9
-95;-70;-64;-65;82;69
-54;96;79;-33;-29;-56
-47;-48;-83;-26;96;17
-6;-20;-55;80;54;-6
-45;-63;62;-1;7;-51
-49;-38;-96;-51;-34;37
64;47;-52;10;-51;-34
59;76;-61;-10;30;67
-59;-99;88;-33;51;13
20;-14;-47;86;-30;-4
72;5;7;-67;-70;-96
-48;-96;12;-70;72;-83
71;78;-8;6;-29;-1
96;87;-95;77;8;13
-39;57;-18;35;89;-10
80;-87;-10;6;-7;44
-94;43;60;98;100;60
-57;-40;74;-32;-84;16
98;73;94;0;-29;-9
-60;-76;-97;32;-62;-47
8;-95;7;1;-28;-7
69;-13;-87;-49;48;-20
27;-27;-40;-4;-25;70
-62;88;26;38;-65;-78
-25;-23;-78;72;85;17
-98;63;-63;-32;-16;83
-22;-68;-18;-33;58;-11
-12;42;14;69;81;-6
-89;51;67;45;-85;-56
-56;51;-68;95;-84;-14
-99;-75;13;-30;39;-45
-16;-94;-66;-11;97;53
-42;-53;53;-18;50;-25
-53;-82;-23;67;55;-82
-95;-97;-16;62;-51;31
9;-93;19;58;-47;-39
-38;73;-54;-40;-22;-37
27;28;-41;-37;11;18
79;10;-85;-90;41;-95
-46;73;-78;-32;44;63
-73;-40;-58;67;10;64
-40;-32;-36;-78;41;-38
-79;16;-56;-92;-23;29
51;-78;-52;86;-47;79
-40;-44;0;21;59;-16
87;-51;-4;-13;61;-44
86;-77;-19;-60;-5;-85
-61;1;-52;-70;-91;0
-51;61;40;-87;-61;99
-93;-30;86;-54;37;-8
100;50;-70;-72;-39;26
98;-69;38;26;18;99
-77;29;98;-100;-52;13
-79;52;96;-72;5;-54
72;-81;9;-33;-55;-40
-51;95;-68;-61;-34;-92
14;-29;-69;9;93;78
-9;60;-31;6;69;51
-43;-82;-57;-96;5;-5
99;63;-59;24;-54;-50
59;-7;-82;67;-58;-76
-7;82;34;76;-49;55
-36;-28;21;73;-92;32
92;67;20;-90;-80;95
45;82;-8;-1;63;96
93;-97;83;34;-97;4
20;-100;10;-21;-99;-40
-32;-61;-74;99;-100;78
-98;-44;-47;73;-3;71
39;67;-11;-34;22;14
-88;98;14;-42;22;-18
-86;84;-97;95;51;72
54;-79;-54;-43;-12;-56
-73;49;-96;51;-59;-51
-86;24;-72;-71;8;-40
46;19;-26;-16;-35;78
-3;-24;7;9;85;80
-2;9;93;-25;82;-73
47;-36;-39;50;1;-63
-14;-84;13;-21;62;37
13;91;42;-16;-78;-93
39;45;-28;72;-45;-5
55;-31;-82;-47;-50;-18
-54;93;40;-82;25;69
46;0;-30;5;48;-70
10;91;50;91;43;17
-29;-45;-84;41;-62;-50
-57;31;34;89;-20;53
60;54;66;94;22;-31
-50;24;90;91;76;32
-95;-20;-55;46;39;-79
86;-13;-73;58;-64;40
48;18;39;47;10;-59
-55;-18;19;44;-94;-85
22;73;-26;60;29;27
70;68;54;-14;60;50
-90;16;8;-49;-52;96
-49;4;-99;99;85;-37
-89;96;7;33;-72;46
17;-78;13;-77;6;43
30;-48;-45;77;93;-86
99;-12;-61;61;81;32
81;-8;45;-31;-27;-49
59;27;37;-85;-85;44
48;-43;-79;-62;-4;-20
92;74;96;16;-29;70
-19;95;47;-77;69;-16
-59;-61;-91;-2;30;-96
38;-20;93;81;-98;33
-20;29;-52;59;22;-17
-43;9;36;-45;42;-100
-73;88;67;92;75;77
77;27;-48;-95;-11;51
-88;24;30;-83;-71;-26
13;-3;66;-75;-3;40
45;-69;-69;1;-92;71
39;-28;97;-50;-35;72
-74;21;38;-61;-30;-54
48;-22;81;68;-6;-50
-71;-49;-54;14;-93;-51
63;-77;-43;-5;45;-72
41;19;87;-64;-78;24
-10;-34;-92;79;-44;44
94;48;71;-43;-43;-21
3;-7;26;71;3;8
-3;-77;13;4;-20;34
9;26;58;30;58;-94
0;-95;-75;40;13;36
66;-7;-39;-37;-24;-53
-17;-44;55;-95;52;-64
4;33;-57;57;24;84
-84;-61;90;-6;43;-81
-27;-15;23;-40;10;51
-3;-33;27;-3;-98;-12
-16;-68;-41;26;-15;45
-98;-91;77;28;-78;85
70;34;-98;-25;4;-70
62;-99;26;93;-21;75
52;-81;44;15;56;-16
-92;66;-4;99;63;1
-25;-6;-27;-37;-92;-39
-87;82;96;70;77;-9
-64;11;-90;52;23;-12
-88;36;84;83;-56;44
-87;71;-56;41;2;34
35;8;-14;-13;-84;-40
-83;17;50;-30;-87;-8
-44;-78;-81;-53;-43;7
-87;11;-98;24;-72;82
-7;61;72;-19;-77;-26
-42;74;16;77;-31;-73
87;0;69;-77;-76;-44
-81;7;-58;24;88;3
46;19;-61;-11;-75;-84
-31;-19;-15;-60;65;-7
-41;34;-25;-79;46;63
-45;51;23;73;-50;33
-18;-77;34;-47;73;30
29;70;80;52;-50;-89
39;61;-68;66;40;94
-34;-79;-98;67;94;48
13;97;-62;42;56;20
98;-69;1;-24;-87;77
85;-8;61;87;3;7
10;-9;-32;58;4;-6
-59;50;59;-35;3;-78
34;73;79;-20;-54;-38
-87;14;88;8;0;88
28;-70;1;90;100;-89
12;-20;14;-33;-76;-5
-5;72;-19;-13;-62;47
-1;16;64;-70;100;73
38;70;-43;-86;53;-32
-14;-35;-88;-61;-57;56
-94;80;-43;58;-54;-19
5;49;81;75;53;91
-42;9;-97;24;11;-36
33;99;40;61;-5;-26
30;31;-16;-70;-71;59
13;-12;51;38;-84;-60
34;56;86;-41;75;-10
71;-16;43;41;38;7
84;-47;4;38;-89;28
73;85;58;65;21;-21
94;-62;-41;30;76;-67
-80;-49;47;32;-98;-36
-74;92;-59;42;45;90
-23;-20;-99;-10;3;-21
32;93;28;80;-91;-6
69;-73;-15;-38;-82;-44
-40;55;89;73;-6;-10
44;25;-62;8;4;20
-86;67;-62;99;-36;-64
-73;-56;-54;2;-46;-79
5;-47;-73;52;-77;-94
75;77;21;51;-99;-64
50;70;-28;-61;31;-99
48;-57;-67;94;-36;2
-45;-7;89;-14;84;14
-99;13;16;-77;-70;-26
-21;-100;-64;24;20;46
-34;-30;100;-39;-90;-62
4;90;2;-27;-70;-90
54;9;84;16;71;-15
60;53;-24;72;49;-5
79;-87;95;-26;91;-64
-8;-58;94;-62;40;-39
39;-70;68;82;51;96
94;88;-53;-13;-48;54
-90;-24;-64;91;63;25
-4;-48;-66;51;61;-44
32;-93;74;-65;-42;27
-13;-44;67;26;-49;-46
78;-22;-75;-15;47;-4
63;100;-68;-39;66;36
25;18;-71;11;62;-66
59;50;-77;-72;0;-21
